Loops,Steps,Time,AvgLoss,MeanReward,StdReward,TotalReward,Flags
1,8192,142.049027,0.0177,0.1680,0.3477,1376.07,0.0
2,16384,144.514269,0.8957,0.0974,0.3091,798.12,0.0
3,24576,145.995452,-0.1243,0.0531,0.2124,434.83,0.0
4,32768,146.423282,0.3353,0.0231,0.1118,189.48,0.0
5,40960,147.044472,0.2546,0.0391,0.2157,320.40,0.0
6,49152,145.304702,0.1399,0.1236,0.3432,1012.40,0.0
7,57344,145.743531,0.2169,0.1114,0.2967,912.83,0.0
8,65536,146.276173,0.1532,0.1080,0.2859,885.05,0.0
9,73728,146.203306,0.2709,0.1340,0.3606,1097.38,0.0
10,81920,145.904644,0.1255,0.1423,0.3577,1165.70,0.0
11,90112,145.538576,0.1076,0.1703,0.3653,1394.93,0.0
12,98304,145.085526,0.3732,0.1638,0.3702,1342.10,0.0
13,106496,145.526669,0.3269,0.2004,0.4022,1641.85,0.0
14,114688,144.783576,0.4458,0.1678,0.3998,1374.90,0.0
15,122880,144.705774,0.2939,0.2139,0.4799,1752.15,0.0
16,131072,145.348703,0.4577,0.2217,0.4492,1816.15,0.0
17,139264,144.409392,0.0485,0.2506,0.4607,2052.83,0.0
18,147456,143.605244,0.6093,0.2240,0.4468,1835.30,0.0
19,155648,143.439081,0.5910,0.2279,0.4825,1867.15,0.0
20,163840,142.861319,0.4528,0.2740,0.5048,2244.62,0.0
21,172032,142.787249,-0.1043,0.2548,0.4881,2087.15,0.0
22,180224,142.409443,0.9462,0.2758,0.5195,2258.98,0.0
23,188416,142.322864,0.9024,0.2799,0.5029,2292.73,0.0
24,196608,142.524356,0.9456,0.2914,0.5172,2386.75,0.0
25,204800,142.475452,0.5141,0.2705,0.4848,2215.62,0.0
26,212992,141.727457,0.8076,0.3226,0.5545,2642.35,0.0
27,221184,143.035640,0.4545,0.2774,0.5308,2272.77,0.0
28,229376,142.270918,0.4039,0.2964,0.5341,2427.82,0.0
29,237568,142.623696,1.0202,0.3263,0.5520,2673.23,0.0
30,245760,142.077079,0.6577,0.3007,0.5467,2463.17,0.0
31,253952,141.225111,0.8197,0.3214,0.5534,2633.15,0.0
32,262144,141.821882,0.7185,0.3125,0.5310,2560.30,0.0
33,270336,141.796696,1.4557,0.3242,0.5567,2656.17,0.0
34,278528,141.492408,1.0693,0.3415,0.5506,2797.30,0.0
35,286720,142.291623,1.2232,0.3533,0.5845,2893.85,0.0
36,294912,142.164298,1.1548,0.3335,0.5319,2732.30,0.0
37,303104,142.086046,0.8688,0.3721,0.5787,3048.18,0.0
38,311296,141.586523,0.6028,0.3900,0.5599,3194.95,0.0
39,319488,141.917536,0.7488,0.3716,0.5840,3044.12,0.0
40,327680,141.582118,0.8638,0.4431,0.5612,3629.97,0.0
41,335872,141.861806,1.4210,0.3781,0.5644,3097.80,1.3125
42,344064,141.701849,1.3390,0.4007,0.5717,3282.90,0.0
43,352256,142.037020,0.8533,0.3774,0.5574,3091.83,0.0
44,360448,142.095654,0.4486,0.3922,0.5604,3212.82,0.0
45,368640,141.913185,1.2476,0.3801,0.5587,3113.78,2.625
46,376832,142.293078,1.0267,0.3527,0.5433,2889.35,0.0
47,385024,141.697358,0.7076,0.4133,0.5823,3385.35,0.0
48,393216,141.632120,0.5845,0.4383,0.5589,3590.25,0.0
49,401408,141.554844,1.1474,0.3760,0.5513,3080.11,1.375
50,409600,141.626872,0.9195,0.4053,0.5624,3319.98,0.0
51,417792,141.347426,0.7519,0.4314,0.5483,3533.85,0.0
52,425984,141.801505,1.2241,0.4058,0.5773,3324.38,0.0
53,434176,141.268452,0.8484,0.4118,0.5540,3373.18,1.375
54,442368,142.015522,0.4185,0.4524,0.5708,3706.38,0.0
55,450560,141.203108,1.5678,0.4397,0.5537,3602.32,2.6875
56,458752,142.021255,1.1579,0.4167,0.5448,3413.33,1.375
57,466944,142.037838,0.7188,0.4431,0.5739,3629.65,0.0
58,475136,141.964356,0.8096,0.4820,0.5717,3948.95,0.0
59,483328,141.644347,1.3233,0.4487,0.5939,3675.40,0.0
60,491520,142.194282,0.9214,0.4914,0.5728,4025.48,1.375
61,499712,142.320761,0.9555,0.4850,0.5440,3973.19,2.75
62,507904,142.559617,1.2427,0.4164,0.5558,3411.23,2.75
63,516096,142.098845,0.8485,0.5151,0.5402,4220.06,2.625
64,524288,141.499036,1.0100,0.3991,0.5506,3269.60,2.6875
65,532480,142.639702,1.2290,0.5036,0.5606,4125.25,1.375
66,540672,141.269545,1.1498,0.4710,0.5634,3858.26,1.3125
67,548864,141.950031,1.1279,0.4668,0.5560,3823.98,2.75
68,557056,142.018653,1.3405,0.4728,0.5528,3873.18,2.75
69,565248,142.170823,1.1592,0.4542,0.5358,3720.81,4.125
70,573440,141.903053,0.9131,0.3784,0.5543,3099.45,1.375
71,581632,141.927012,0.8552,0.4686,0.5662,3838.49,1.3125
72,589824,141.793940,0.8758,0.4736,0.5759,3880.12,0.0
73,598016,142.052921,0.7356,0.5083,0.5540,4164.18,4.125
74,606208,142.301511,1.0912,0.4628,0.5505,3790.94,1.375
75,614400,142.480834,0.9777,0.5163,0.5588,4229.24,1.375
76,622592,142.490222,1.1662,0.4360,0.5611,3571.52,4.0625
77,630784,141.611327,0.9831,0.5105,0.5459,4181.61,1.375
78,638976,142.380133,1.0744,0.4731,0.5413,3875.57,2.75
79,647168,141.859839,1.0430,0.4716,0.5767,3863.60,0.0
80,655360,142.459382,1.1102,0.5084,0.5568,4165.20,1.375
81,663552,142.471767,1.2949,0.3728,0.5202,3053.95,5.4375
82,671744,142.472834,0.8749,0.4229,0.5664,3464.31,1.375
83,679936,142.223866,1.0360,0.4183,0.5448,3427.06,4.0625
84,688128,141.384739,0.8543,0.4573,0.5362,3746.29,1.3125
85,696320,141.853471,0.9828,0.5278,0.5712,4323.96,1.375
86,704512,142.098044,0.9264,0.5170,0.5630,4235.65,2.75
87,712704,141.566421,0.7205,0.4541,0.5482,3719.90,4.0625
88,720896,141.693095,0.3761,0.4405,0.5586,3608.18,1.375
89,729088,142.164424,1.1675,0.4829,0.5686,3955.72,1.375
90,737280,141.654385,0.9857,0.4368,0.5581,3578.54,1.375
91,745472,141.692822,0.7130,0.4213,0.5626,3451.29,2.75
92,753664,141.702804,0.8058,0.4393,0.5436,3598.75,1.3125
93,761856,141.773565,0.7420,0.4277,0.5608,3503.69,1.375
94,770048,141.572115,0.5384,0.4142,0.5065,3393.20,5.9375
95,778240,141.845967,0.4599,0.3013,0.4864,2467.88,2.25
96,786432,141.524062,0.3464,0.2969,0.4733,2431.93,4.125
97,794624,141.387329,0.5010,0.2924,0.4789,2395.41,2.75
98,802816,141.631769,0.5528,0.3168,0.4632,2594.98,5.6875
99,811008,142.353332,0.6789,0.3378,0.5265,2767.59,1.0625
100,819200,141.469325,0.5014,0.4205,0.5295,3445.09,5.9375
101,827392,141.945880,0.8475,0.4074,0.5048,3337.62,3.625
102,835584,141.706255,0.7063,0.3779,0.5069,3095.52,5.75
103,843776,141.405011,0.8287,0.3664,0.5175,3001.64,5.0
104,851968,141.540272,0.4590,0.4774,0.5313,3910.72,5.375
105,860160,141.206840,0.7407,0.4351,0.5216,3564.16,5.5
106,868352,141.535756,0.5203,0.3406,0.5030,2790.32,4.125
107,876544,141.802596,1.0237,0.4162,0.5242,3409.26,5.4375
108,884736,141.543555,0.8146,0.4226,0.5274,3461.73,4.125
109,892928,142.848436,0.6883,0.4204,0.5287,3443.86,2.75
110,901120,141.899857,0.6260,0.4984,0.5405,4082.61,5.4375
111,909312,141.408838,0.8179,0.4185,0.5395,3428.68,5.375
112,917504,141.866613,0.7888,0.4517,0.5267,3699.94,5.3125
113,925696,142.541269,0.6849,0.4770,0.5360,3907.40,2.6875
114,933888,142.285506,0.3785,0.3956,0.5205,3240.58,4.0
115,942080,141.770085,0.6985,0.3695,0.4994,3026.83,5.9375
116,950272,141.790542,0.3916,0.3649,0.4889,2989.54,3.5
117,958464,141.997725,0.6562,0.3597,0.5240,2946.77,4.125
118,966656,141.600861,0.7306,0.4085,0.5057,3346.19,6.75
119,974848,141.718161,0.5800,0.4181,0.5196,3424.82,6.875
120,983040,141.049796,0.2667,0.5116,0.5153,4190.66,9.375
121,991232,141.129257,1.0000,0.3936,0.5134,3224.55,2.75
122,999424,140.463147,0.6731,0.4239,0.5281,3472.65,6.625
123,1007616,141.506449,0.4444,0.3701,0.5115,3031.76,4.0625
124,1015808,141.433085,0.6282,0.3846,0.5144,3150.96,6.875
125,1024000,141.976649,0.5145,0.3864,0.5131,3165.67,4.0
126,1032192,141.506548,0.3094,0.4127,0.4987,3380.50,9.6875
127,1040384,141.403161,0.9680,0.3726,0.5017,3052.45,6.5625
128,1048576,143.189501,0.5333,0.5173,0.5402,4237.67,6.875
129,1056768,142.163112,0.4239,0.3780,0.4800,3096.76,9.5
130,1064960,141.889792,0.9291,0.4244,0.5351,3476.67,2.75
131,1073152,142.246573,0.4749,0.4279,0.5122,3504.95,8.1875
132,1081344,141.988896,0.3693,0.4343,0.5071,3557.65,12.3125
133,1089536,142.046219,0.2738,0.4365,0.5080,3575.90,5.5
134,1097728,142.253773,0.7889,0.4538,0.5143,3717.45,10.8125
135,1105920,141.665485,1.0274,0.5527,0.5494,4527.66,0.625
136,1114112,141.976652,0.4716,0.4556,0.5104,3731.92,11.625
137,1122304,142.261693,0.3457,0.3327,0.4871,2725.71,6.8125
138,1130496,141.741550,0.7819,0.4325,0.5255,3543.14,3.625
139,1138688,141.609026,0.4599,0.3168,0.4574,2595.18,10.0
140,1146880,141.812887,0.4323,0.3561,0.4878,2917.14,6.75
141,1155072,141.972116,0.6375,0.3342,0.4790,2737.98,8.625
142,1163264,141.685306,0.4402,0.3053,0.4629,2501.11,7.5625
143,1171456,141.140287,0.5043,0.3487,0.5105,2856.77,4.375
144,1179648,141.921645,0.6508,0.4285,0.5274,3510.34,8.125
145,1187840,142.475848,0.4576,0.4160,0.5144,3407.61,5.375
146,1196032,141.739191,0.7341,0.4220,0.5159,3457.21,5.375
147,1204224,141.414219,0.5449,0.4041,0.5194,3310.40,8.375
148,1212416,141.829378,0.4268,0.3679,0.4943,3014.20,8.125
149,1220608,141.326034,0.5807,0.3845,0.5137,3150.07,4.125
150,1228800,142.082029,0.6367,0.4343,0.5202,3557.41,7.625
151,1236992,142.333358,0.7311,0.4197,0.5178,3437.85,7.25
152,1245184,142.088119,0.7697,0.4305,0.5144,3526.76,5.5
153,1253376,141.946517,0.6655,0.4144,0.5168,3395.16,6.9375
154,1261568,141.748777,0.6369,0.4502,0.5227,3688.05,9.375
155,1269760,141.124028,0.4690,0.4148,0.5281,3398.09,5.4375
156,1277952,141.880878,0.7394,0.4368,0.5207,3578.46,8.125
157,1286144,141.401584,0.3400,0.3989,0.4722,3267.92,11.6875
158,1294336,141.338265,0.5088,0.4046,0.5109,3314.73,7.375
159,1302528,141.344048,0.4406,0.5033,0.5117,4123.12,10.9375
160,1310720,141.520716,0.7719,0.4365,0.5234,3575.59,2.75
161,1318912,141.835323,0.5738,0.4333,0.4933,3549.25,8.8125
162,1327104,142.667711,0.7208,0.3974,0.4984,3255.61,8.8125
163,1335296,142.388874,0.3510,0.5091,0.5239,4170.53,7.5
164,1343488,142.967096,0.4487,0.4552,0.5131,3729.36,10.1875
165,1351680,142.466210,0.4766,0.4370,0.4913,3579.71,12.125
166,1359872,141.865447,0.7592,0.3870,0.5228,3170.62,8.125
167,1368064,142.489925,0.3568,0.5615,0.5199,4600.02,11.0
168,1376256,142.335341,0.3029,0.3971,0.5098,3253.27,8.1875
169,1384448,141.893168,0.7445,0.5413,0.5159,4434.17,9.9375
170,1392640,141.662748,0.5601,0.3734,0.4843,3058.62,9.125
171,1400832,141.222666,0.4563,0.4182,0.5001,3425.58,10.8125
172,1409024,142.258682,0.6622,0.4290,0.5180,3514.67,5.6875
173,1417216,141.886054,0.4804,0.4667,0.5185,3823.18,9.25
174,1425408,141.528367,0.5564,0.4922,0.5208,4032.01,10.9375
175,1433600,143.081115,0.8355,0.4702,0.5228,3852.26,6.8125
176,1441792,141.919679,0.5277,0.4553,0.5235,3729.71,9.625
177,1449984,141.536201,0.4458,0.5173,0.5235,4237.59,6.8125
178,1458176,142.079991,0.6407,0.4150,0.5174,3400.01,6.875
179,1466368,141.430426,0.3738,0.4775,0.5150,3912.02,12.25
180,1474560,141.780133,0.6343,0.4986,0.5159,4084.40,6.0625
181,1482752,142.547000,0.4327,0.4774,0.5138,3911.20,10.5625
182,1490944,141.972357,0.5672,0.4934,0.5224,4041.65,7.9375
183,1499136,142.282731,0.5285,0.4630,0.5362,3793.06,4.0625
184,1507328,142.187069,0.4919,0.4683,0.5088,3836.51,12.1875
185,1515520,141.249612,0.4922,0.4722,0.5227,3868.59,6.8125
186,1523712,142.078363,0.6284,0.4761,0.5291,3900.57,10.1875
187,1531904,141.960002,0.8499,0.5215,0.5097,4271.97,9.9375
188,1540096,142.480715,0.5857,0.4010,0.5039,3285.25,9.75
189,1548288,142.316025,0.7128,0.4927,0.5249,4036.27,8.25
190,1556480,141.931782,0.6888,0.3767,0.4795,3085.96,10.9375
191,1564672,141.861565,0.4232,0.4801,0.5460,3932.76,4.125
192,1572864,142.084156,0.3055,0.4280,0.4965,3506.54,11.5625
193,1581056,141.950139,0.3922,0.4530,0.5262,3711.25,8.8125
194,1589248,141.362075,0.2126,0.3975,0.4958,3256.50,7.0
195,1597440,141.067626,0.4979,0.3911,0.4886,3203.58,6.8125
196,1605632,141.690017,0.3656,0.3581,0.4871,2933.74,7.0
197,1613824,141.973111,0.3304,0.3740,0.4961,3063.94,13.25
198,1622016,141.510772,0.7998,0.4365,0.5097,3575.60,5.5
199,1630208,141.840384,0.6307,0.4268,0.5228,3496.00,10.8125
200,1638400,142.174338,0.3181,0.5354,0.5098,4385.65,8.25
201,1646592,141.817834,0.4378,0.4242,0.4997,3475.19,9.5625
202,1654784,141.372146,0.5156,0.3606,0.4977,2954.27,10.8125
203,1662976,141.752670,0.4460,0.5561,0.5127,4555.69,11.125
204,1671168,141.845639,0.3866,0.3647,0.4901,2987.33,9.4375
205,1679360,141.652622,0.9047,0.4911,0.5112,4023.10,6.8125
206,1687552,141.604970,0.5873,0.4307,0.5069,3528.39,9.625
207,1695744,141.804654,0.7311,0.4166,0.5037,3412.45,8.1875
208,1703936,141.895505,0.7527,0.4863,0.5215,3984.16,6.875
209,1712128,141.750656,0.5867,0.4606,0.5327,3773.56,8.125
210,1720320,142.530770,0.7047,0.5289,0.5377,4332.73,5.375
211,1728512,142.874345,0.3794,0.4433,0.5219,3631.16,9.25
212,1736704,142.194824,0.6824,0.5164,0.5328,4230.31,5.875
213,1744896,141.819506,0.8438,0.5123,0.5176,4196.45,9.4375
214,1753088,141.671935,0.6141,0.4949,0.5284,4054.40,8.25
215,1761280,142.154944,0.6828,0.4963,0.5035,4065.77,10.875
216,1769472,142.445403,0.4155,0.4810,0.5160,3940.44,6.875
217,1777664,142.249802,0.2169,0.4167,0.4895,3413.83,16.25
218,1785856,141.990890,0.7824,0.5087,0.5338,4167.34,6.3125
219,1794048,141.853298,0.4113,0.4587,0.5170,3757.94,11.25
220,1802240,142.275168,0.8079,0.4771,0.5147,3908.21,6.75
221,1810432,141.996817,0.6582,0.4412,0.5036,3614.23,9.5625
222,1818624,142.473262,0.9097,0.4475,0.5535,3665.88,5.5
223,1826816,141.605323,0.4071,0.4846,0.4902,3969.60,17.4375
224,1835008,142.205457,0.6914,0.4916,0.5484,4027.35,0.25
225,1843200,142.217482,0.5892,0.5902,0.5116,4834.65,12.25
226,1851392,141.846997,0.6396,0.4050,0.5017,3317.65,7.75
227,1859584,142.212084,0.2398,0.4953,0.5120,4057.82,11.4375
228,1867776,141.676660,0.5288,0.4804,0.5193,3935.42,7.75
229,1875968,141.921237,0.3334,0.4507,0.5228,3692.43,9.4375
230,1884160,141.494426,0.5218,0.5477,0.5208,4486.61,11.875
231,1892352,141.279602,0.5292,0.4404,0.5274,3608.09,5.625
232,1900544,141.929750,0.6247,0.5016,0.5039,4109.34,12.625
233,1908736,142.026664,0.3821,0.4484,0.5125,3673.30,11.875
234,1916928,141.556942,0.4392,0.4483,0.5059,3672.70,9.5625
235,1925120,141.032336,0.1372,0.4775,0.5158,3912.02,10.8125
236,1933312,141.941427,0.3981,0.4790,0.5026,3923.96,10.8125
237,1941504,141.928470,0.4939,0.4951,0.5117,4056.00,16.1875
238,1949696,142.013255,0.5557,0.4470,0.5103,3661.86,7.0625
239,1957888,142.191179,0.5085,0.4590,0.5114,3760.44,13.25
240,1966080,141.886438,0.7944,0.5072,0.5110,4155.14,9.875
241,1974272,142.279797,0.6415,0.4503,0.5113,3688.55,10.6875
242,1982464,142.432042,0.4912,0.5631,0.5297,4613.27,8.0
243,1990656,141.708619,0.2634,0.4258,0.4957,3487.76,13.75
244,1998848,141.906824,0.5541,0.5358,0.5183,4389.26,8.5625
245,2007040,141.157297,0.4564,0.4150,0.4993,3399.29,10.4375
246,2015232,142.083831,0.7005,0.4494,0.5143,3681.75,10.8125
247,2023424,141.498628,0.4571,0.4616,0.5237,3781.60,9.6875
248,2031616,142.159688,0.4765,0.5129,0.5194,4201.56,9.3125
249,2039808,141.572778,0.6425,0.4007,0.4999,3282.52,12.3125
250,2048000,141.761689,0.7177,0.5665,0.5063,4640.75,9.5625
251,2056192,141.748584,0.6087,0.4193,0.5145,3435.00,8.125
252,2064384,141.701748,0.4767,0.4628,0.5132,3790.96,12.25
253,2072576,141.635692,0.5191,0.4167,0.4817,3413.80,13.625
254,2080768,141.509371,0.5444,0.5063,0.5163,4147.86,9.5625
255,2088960,141.667885,0.4772,0.3994,0.5029,3271.88,10.375
256,2097152,141.862019,0.6073,0.5232,0.5204,4285.83,11.25
257,2105344,141.561514,0.5070,0.4633,0.4984,3795.36,9.5
258,2113536,142.528412,0.5860,0.3981,0.4883,3261.59,10.8125
259,2121728,141.920960,0.3647,0.4770,0.5167,3907.19,12.25
260,2129920,141.158610,0.6987,0.4886,0.5206,4002.82,9.4375
261,2138112,141.346908,0.2662,0.4488,0.4979,3676.39,14.9375
262,2146304,142.834296,0.3853,0.5003,0.5088,4098.35,9.5
263,2154496,141.773697,0.6496,0.4188,0.5126,3431.16,8.0625
264,2162688,142.103163,0.4099,0.4368,0.4997,3578.46,12.75
265,2170880,142.361451,0.5266,0.4959,0.5167,4062.24,10.4375
266,2179072,142.183413,0.5371,0.4728,0.5044,3872.93,10.0
267,2187264,141.709555,0.3281,0.3971,0.4902,3253.05,13.0625
268,2195456,141.254109,0.5309,0.4913,0.5216,4024.86,10.75
269,2203648,141.090846,0.5564,0.4032,0.5024,3302.93,9.75
270,2211840,141.692135,0.2966,0.5230,0.5023,4284.62,10.9375
271,2220032,141.479554,0.5346,0.4138,0.4953,3390.18,12.1875
272,2228224,141.684597,0.6693,0.5255,0.5315,4304.60,9.625
273,2236416,141.451504,0.3352,0.5239,0.5169,4291.89,9.5
274,2244608,142.152259,0.7419,0.4830,0.5227,3956.83,8.125
275,2252800,142.575586,0.4057,0.5266,0.5271,4313.66,9.5625
276,2260992,141.870113,0.3634,0.4592,0.5100,3761.56,14.9375
277,2269184,141.396224,0.2614,0.5353,0.5278,4385.32,6.75
278,2277376,141.442847,0.4246,0.4093,0.4855,3352.69,13.6875
279,2285568,141.966294,0.5159,0.4852,0.5333,3974.51,8.1875
280,2293760,141.718541,0.3339,0.5112,0.5078,4187.92,10.875
281,2301952,141.904636,0.5252,0.4381,0.4887,3589.27,15.5625
282,2310144,142.150720,0.4873,0.5083,0.5241,4164.09,9.0625
283,2318336,141.320102,0.5327,0.3843,0.5012,3147.95,8.0625
284,2326528,141.766892,0.5799,0.5325,0.5239,4362.29,10.875
285,2334720,142.078263,0.5160,0.5318,0.5389,4356.77,4.4375
286,2342912,141.504670,0.2294,0.4292,0.4870,3516.36,14.6875
287,2351104,141.219404,0.3690,0.5972,0.5157,4892.16,9.5625
288,2359296,142.218137,0.3990,0.3790,0.5004,3104.40,9.625
289,2367488,142.906614,0.3234,0.5109,0.5267,4185.42,10.875
290,2375680,142.847939,0.5126,0.4536,0.5097,3715.60,10.4375
291,2383872,143.119659,0.5286,0.4336,0.5098,3551.88,7.625
292,2392064,142.331506,0.5973,0.4689,0.5258,3841.14,7.5625
293,2400256,142.037267,0.4753,0.5012,0.4982,4106.03,14.6875
294,2408448,142.205182,0.4243,0.4392,0.5146,3597.64,7.4375
295,2416640,141.804531,0.5190,0.5164,0.5262,4230.25,10.1875
296,2424832,141.827144,0.3634,0.4621,0.4968,3785.23,16.4375
297,2433024,142.293769,0.3840,0.5525,0.5368,4526.15,6.8125
298,2441216,141.867981,0.2616,0.3779,0.4859,3096.08,14.9375
299,2449408,143.199924,0.6234,0.5393,0.5140,4418.34,12.125
300,2457600,142.122157,0.5314,0.4568,0.5188,3742.38,6.75
301,2465792,142.126496,0.3667,0.5147,0.5070,4216.76,16.3125
302,2473984,142.630303,0.1449,0.4586,0.5206,3757.11,8.0625
303,2482176,141.476398,0.4327,0.4795,0.5063,3927.91,15.375
304,2490368,141.769816,0.4839,0.5247,0.5336,4298.29,6.5
305,2498560,141.456179,0.3099,0.4385,0.4911,3592.27,13.5625
306,2506752,141.842330,0.5753,0.5452,0.5295,4466.34,6.8125
307,2514944,142.696548,0.4985,0.4456,0.5086,3650.23,13.0625
308,2523136,142.225277,0.6036,0.5108,0.5205,4184.74,7.75
309,2531328,141.944935,0.3240,0.4897,0.5181,4011.75,11.6875
310,2539520,141.903062,0.4146,0.5046,0.5118,4133.95,12.1875
311,2547712,141.949867,0.2352,0.4052,0.5018,3319.01,10.875
312,2555904,142.378274,0.6394,0.4785,0.5077,3920.10,12.25
313,2564096,142.147150,0.5264,0.4824,0.5350,3951.89,8.1875
314,2572288,141.493154,0.4868,0.5163,0.5092,4229.83,10.8125
315,2580480,141.835510,0.4015,0.5069,0.5162,4152.36,12.3125
316,2588672,141.954045,0.5599,0.4563,0.5205,3738.41,8.125
317,2596864,141.568838,0.3156,0.4837,0.5135,3962.49,13.6875
318,2605056,141.752231,0.1855,0.5136,0.5095,4207.42,12.1875
319,2613248,141.530076,0.4825,0.5332,0.5253,4367.77,10.875
320,2621440,141.632036,0.3764,0.4771,0.5209,3908.21,9.375
321,2629632,141.836144,0.3270,0.4732,0.5052,3876.66,13.625
322,2637824,141.678129,0.4807,0.4352,0.5212,3565.00,10.75
323,2646016,141.921507,0.4212,0.5382,0.5192,4408.95,6.875
324,2654208,141.367678,0.4909,0.3415,0.4747,2797.20,10.9375
325,2662400,140.855129,0.2762,0.4212,0.5034,3450.26,12.375
326,2670592,141.686634,0.3590,0.4982,0.5197,4081.65,9.5625
327,2678784,141.563843,0.5853,0.5404,0.5156,4427.08,11.125
328,2686976,142.099863,0.3509,0.4335,0.5075,3550.95,14.0
329,2695168,142.736441,0.6516,0.4985,0.5188,4083.46,8.75
330,2703360,142.477558,0.2898,0.4977,0.5198,4077.16,13.5625
331,2711552,142.166260,0.3986,0.4654,0.5137,3812.70,11.6875
332,2719744,142.295174,0.4049,0.5018,0.5173,4110.79,8.6875
333,2727936,142.240702,0.8442,0.4424,0.5068,3624.14,10.75
334,2736128,142.495656,0.7958,0.4661,0.5387,3817.90,9.5
335,2744320,141.105942,0.2935,0.5167,0.5074,4232.61,12.25
336,2752512,141.985354,0.0867,0.4712,0.4993,3860.03,9.1875
337,2760704,141.816538,0.3117,0.4327,0.5087,3545.00,12.5625
338,2768896,142.069395,0.6886,0.5346,0.5284,4379.62,6.875
339,2777088,141.838739,0.4914,0.4590,0.5161,3760.36,13.4375
340,2785280,141.089202,0.2989,0.5082,0.5074,4162.80,10.75
341,2793472,140.862628,0.1392,0.5019,0.5082,4111.33,12.1875
342,2801664,140.864753,0.5564,0.4834,0.5326,3959.69,8.125
343,2809856,141.689663,0.5256,0.5509,0.5275,4512.74,8.25
344,2818048,141.308509,0.3047,0.4569,0.5034,3742.94,14.375
345,2826240,141.823550,0.3155,0.4588,0.4955,3758.36,14.0625
346,2834432,141.829200,0.2202,0.4718,0.5098,3864.73,11.0
347,2842624,141.507609,0.5624,0.4978,0.5210,4077.64,9.5
348,2850816,142.023461,0.4361,0.4922,0.5216,4032.45,12.0
349,2859008,142.899770,0.3739,0.4890,0.5093,4006.18,13.125
350,2867200,142.604814,0.4195,0.4794,0.5126,3927.10,9.0
351,2875392,142.744235,0.5894,0.5249,0.5279,4300.29,11.6875
352,2883584,141.289980,0.6194,0.5102,0.5236,4179.61,7.1875
353,2891776,141.916192,0.5094,0.5012,0.5282,4105.86,11.875
354,2899968,141.679947,0.2615,0.5547,0.5302,4544.32,6.8125
355,2908160,141.751994,0.2593,0.4043,0.4897,3311.66,14.875
356,2916352,141.948341,0.7257,0.6122,0.5314,5014.74,6.375
357,2924544,141.577619,0.1790,0.4250,0.4921,3481.34,15.375
358,2932736,141.906662,0.3785,0.5132,0.5201,4203.97,12.3125
359,2940928,141.539040,0.4748,0.4683,0.5162,3836.48,8.125
360,2949120,142.138504,0.2884,0.4804,0.5073,3935.44,12.125
361,2957312,141.727939,0.2543,0.5247,0.5167,4298.09,12.0625
362,2965504,141.741033,0.3867,0.4008,0.5142,3283.04,9.5
363,2973696,141.810681,0.4176,0.5322,0.5133,4360.03,10.9375
364,2981888,142.755204,0.4970,0.4240,0.5095,3473.30,10.9375
365,2990080,142.091295,0.3554,0.5259,0.5165,4308.00,11.25
366,2998272,141.563614,0.3994,0.4190,0.5199,3432.45,11.75
367,3006464,141.590615,0.3917,0.5101,0.5139,4178.86,13.5625
368,3014656,142.220202,0.3549,0.4505,0.5228,3690.69,8.1875
369,3022848,141.454589,0.3947,0.5494,0.5199,4500.76,9.5625
370,3031040,142.012238,0.4354,0.4629,0.5183,3792.41,9.4375
371,3039232,141.877524,0.4776,0.5081,0.5137,4162.01,12.625
372,3047424,141.829661,0.4262,0.5274,0.5216,4320.76,11.125
373,3055616,141.718658,0.3329,0.4663,0.5170,3819.89,10.375
374,3063808,142.384412,0.2900,0.4929,0.5122,4037.62,16.0
375,3072000,142.482355,0.4710,0.5052,0.5226,4138.97,4.1875
376,3080192,141.670352,0.4031,0.4168,0.4899,3414.07,16.375
377,3088384,141.569015,0.3820,0.4905,0.5264,4018.00,9.5
378,3096576,141.429230,0.4488,0.4700,0.5055,3849.95,12.75
379,3104768,141.839068,0.4380,0.4811,0.5053,3941.30,14.1875
380,3112960,141.280040,0.4696,0.4734,0.5212,3878.07,6.875
381,3121152,141.518976,0.4996,0.5239,0.5218,4292.17,12.0625
382,3129344,142.317668,0.3020,0.4724,0.5106,3869.74,12.1875
383,3137536,141.673386,0.4318,0.5183,0.5263,4245.66,9.4375
384,3145728,142.061060,0.3111,0.4566,0.5039,3740.49,12.125
385,3153920,141.503298,0.3736,0.5363,0.5137,4393.40,10.8125
386,3162112,141.636904,0.3320,0.4353,0.4997,3566.11,13.875
387,3170304,142.025040,0.4594,0.5138,0.5297,4208.92,10.5
388,3178496,141.351964,0.3933,0.4828,0.4985,3954.70,12.625
389,3186688,141.751020,0.3490,0.5039,0.5198,4127.81,11.8125
390,3194880,142.085665,0.4315,0.4568,0.5144,3742.30,10.8125
391,3203072,141.746596,0.4693,0.4902,0.5102,4015.99,15.0625
392,3211264,142.105689,0.4773,0.5125,0.5379,4198.76,5.5
393,3219456,142.584439,0.4259,0.4657,0.5017,3815.12,14.875
394,3227648,142.428843,0.5520,0.5464,0.5201,4476.31,8.0625
395,3235840,141.445310,0.2609,0.4606,0.5249,3773.25,10.6875
396,3244032,141.352721,0.3338,0.4792,0.5059,3925.55,14.9375
397,3252224,142.143683,0.3367,0.5102,0.5188,4179.70,10.75
398,3260416,141.813594,0.3476,0.4845,0.5298,3968.96,10.8125
399,3268608,142.378711,0.3669,0.4451,0.5165,3646.26,12.375
400,3276800,141.546078,0.4772,0.5226,0.5337,4281.46,8.1875
401,3284992,142.189396,0.5240,0.4919,0.5221,4029.61,11.0
402,3293184,142.368963,0.3534,0.5690,0.5104,4661.39,12.25
403,3301376,142.073412,0.2960,0.4610,0.5124,3776.21,11.0
404,3309568,141.683004,0.4445,0.4938,0.5144,4045.35,13.5
405,3317760,141.649511,0.5397,0.4963,0.5341,4065.37,5.375
406,3325952,142.050429,0.3837,0.5236,0.5052,4289.48,16.3125
407,3334144,142.353190,0.1334,0.4409,0.5245,3611.49,9.6875
408,3342336,141.735792,0.2803,0.4524,0.5042,3706.38,14.9375
409,3350528,142.108754,0.4713,0.5283,0.5247,4327.73,8.5
410,3358720,141.927295,0.2458,0.3989,0.4974,3267.66,13.375
411,3366912,141.762133,0.5121,0.5574,0.5265,4566.33,13.75
412,3375104,142.156009,0.3461,0.4447,0.5175,3643.26,9.5
413,3383296,141.328794,0.3036,0.5156,0.5252,4223.64,12.25
414,3391488,141.880879,0.3722,0.4388,0.5210,3594.94,8.25
415,3399680,141.882463,0.5887,0.5220,0.5287,4276.25,13.5625
416,3407872,143.145082,0.4893,0.4494,0.5217,3681.77,8.1875
417,3416064,145.272632,0.3673,0.5089,0.5016,4168.59,13.9375
418,3424256,144.293823,0.3961,0.5068,0.5402,4152.05,6.375
419,3432448,144.070678,0.1976,0.5070,0.5259,4153.25,13.5625
420,3440640,141.756034,0.3517,0.5062,0.5177,4147.04,10.9375
421,3448832,142.281420,0.4785,0.5180,0.5170,4243.41,9.625
422,3457024,141.366114,0.1483,0.4813,0.5155,3942.70,15.125
423,3465216,142.616249,0.5557,0.4889,0.5313,4005.27,10.9375
424,3473408,141.861972,0.4988,0.5146,0.5220,4215.29,9.4375
425,3481600,142.110167,0.3276,0.3994,0.4975,3271.86,12.3125
426,3489792,142.053853,0.2241,0.4966,0.5180,4067.88,9.25
427,3497984,142.177763,0.5444,0.4315,0.5082,3535.21,12.4375
428,3506176,142.030307,0.2052,0.4579,0.5147,3750.95,10.9375
429,3514368,141.824839,0.3338,0.3708,0.5000,3037.40,10.875
430,3522560,142.320118,0.5226,0.5508,0.5031,4512.30,10.8125
431,3530752,142.637774,0.2577,0.3729,0.4935,3055.19,13.125
432,3538944,142.098411,0.4032,0.4992,0.5179,4089.62,12.625
433,3547136,141.359447,0.4357,0.5319,0.5331,4357.21,5.4375
434,3555328,141.722566,0.3269,0.5147,0.5186,4216.34,13.625
435,3563520,142.888988,0.2291,0.5139,0.5255,4209.98,5.4375
436,3571712,142.224085,0.3379,0.3680,0.4722,3014.51,17.8125
437,3579904,143.132420,0.6036,0.5927,0.5294,4855.45,8.0625
438,3588096,144.820727,0.2006,0.4374,0.5175,3583.35,10.875
439,3596288,145.336187,0.4055,0.5245,0.4987,4296.42,16.0625
440,3604480,145.571856,0.2945,0.4756,0.5245,3895.81,9.25
441,3612672,144.619558,0.4849,0.4843,0.5264,3967.64,10.0
442,3620864,145.200132,0.2173,0.5279,0.4952,4324.45,16.25
443,3629056,144.941149,0.3693,0.4856,0.5271,3977.99,8.1875
444,3637248,144.455402,0.4515,0.5401,0.5235,4424.28,9.1875
445,3645440,145.257590,0.4578,0.4838,0.5267,3963.38,9.9375
446,3653632,144.408095,0.3536,0.4603,0.5211,3770.69,12.125
447,3661824,144.040198,0.1284,0.5423,0.4990,4442.11,15.0625
448,3670016,144.158038,0.3759,0.4958,0.5263,4061.96,9.5
449,3678208,143.810244,0.4430,0.4242,0.5014,3475.40,16.3125
450,3686400,144.253641,0.2616,0.5436,0.5255,4453.35,6.75
451,3694592,144.193685,0.4258,0.4616,0.5051,3781.54,12.3125
452,3702784,144.075272,0.2905,0.5227,0.5157,4281.77,12.1875
453,3710976,144.187145,0.3572,0.4728,0.5082,3872.80,13.5
454,3719168,144.236927,0.3391,0.4964,0.5246,4066.22,12.0625
455,3727360,143.840065,0.1447,0.4704,0.5026,3853.91,11.3125
456,3735552,144.921799,0.4464,0.5228,0.5189,4282.70,13.125
457,3743744,144.973829,0.3860,0.4966,0.5231,4067.99,8.1875
458,3751936,144.518202,0.3780,0.4827,0.5149,3954.06,13.3125
459,3760128,144.690550,0.5775,0.5048,0.5238,4135.41,12.0
460,3768320,144.573830,0.2637,0.4612,0.5141,3778.39,11.4375
461,3776512,145.256987,0.3794,0.4579,0.5103,3751.18,11.8125
462,3784704,145.169548,0.5352,0.4945,0.5250,4050.98,9.5625
463,3792896,144.629098,0.3853,0.4513,0.5124,3697.32,11.75
464,3801088,145.514098,0.4404,0.5417,0.5303,4437.26,12.875
465,3809280,142.635650,0.1981,0.4593,0.5245,3762.88,10.9375
466,3817472,145.201497,0.2931,0.4084,0.4885,3345.75,13.75
467,3825664,143.144941,0.4751,0.5171,0.5240,4235.79,10.6875
468,3833856,143.592760,0.1897,0.4739,0.5118,3882.50,11.25
469,3842048,143.387913,0.1594,0.4301,0.5093,3523.46,10.625
470,3850240,143.687445,0.2260,0.4621,0.4965,3785.39,15.0625
471,3858432,143.273451,0.2556,0.4744,0.5261,3886.49,8.1875
472,3866624,143.612563,0.1943,0.4134,0.5065,3386.30,10.625
473,3874816,142.905080,0.3762,0.5138,0.4950,4208.76,16.3125
474,3883008,143.042587,0.3158,0.4296,0.5143,3519.46,7.1875
475,3891200,142.923024,0.5556,0.4773,0.5288,3909.91,9.125
476,3899392,142.781025,0.2804,0.4823,0.5080,3951.14,15.0
477,3907584,143.104109,0.3756,0.4875,0.5180,3993.93,8.0625
478,3915776,142.965353,0.1365,0.4515,0.5042,3699.05,15.1875
479,3923968,144.037250,0.4320,0.5465,0.5180,4476.59,12.375
480,3932160,143.901968,0.3901,0.4350,0.5131,3563.46,10.25
481,3940352,143.204998,0.5342,0.5763,0.5271,4721.45,9.4375
482,3948544,143.618532,0.2991,0.4411,0.5137,3613.10,11.25
483,3956736,144.025335,0.5313,0.5096,0.5138,4174.26,14.5625
484,3964928,142.996408,0.1844,0.4868,0.5218,3987.51,11.75
485,3973120,142.938615,0.2336,0.4478,0.5040,3668.20,11.0625
486,3981312,143.853439,0.1549,0.4931,0.5104,4039.43,11.5
487,3989504,142.747047,0.4181,0.4420,0.5046,3620.70,13.1875
488,3997696,143.195665,0.5680,0.4955,0.5282,4059.42,9.8125
489,4005888,143.120437,0.3771,0.4832,0.5153,3958.27,9.4375
490,4014080,143.776289,0.2319,0.4746,0.5177,3887.83,14.8125
491,4022272,143.554373,0.3673,0.5264,0.5307,4311.86,8.625
492,4030464,142.551176,0.3464,0.3592,0.4766,2942.68,9.0625
493,4038656,143.280417,0.1128,0.3925,0.5035,3215.04,10.9375
494,4046848,143.447631,0.3710,0.4413,0.5128,3615.25,9.625
495,4055040,142.179114,0.5454,0.4386,0.5143,3593.05,13.6875
496,4063232,142.516482,0.3174,0.5084,0.5111,4164.71,13.0625
497,4071424,144.759834,0.1247,0.4711,0.5172,3859.19,10.0625
498,4079616,144.306612,0.2286,0.4916,0.5055,4026.93,13.5625
499,4087808,144.406516,0.5729,0.4709,0.5134,3857.51,10.9375
500,4096000,145.355138,0.5253,0.4542,0.5112,3720.73,10.9375
501,4104192,143.743842,0.3495,0.4615,0.5099,3780.76,10.9375
502,4112384,144.486449,0.2417,0.5448,0.5033,4462.88,13.625
503,4120576,144.110422,0.3294,0.4775,0.5116,3911.84,10.6875
504,4128768,143.075915,0.4520,0.4727,0.5072,3871.98,16.5
505,4136960,144.260232,0.2662,0.4672,0.5227,3827.18,6.75
506,4145152,143.540184,0.3709,0.4852,0.5023,3974.89,16.375
507,4153344,145.303644,0.4232,0.5095,0.5281,4174.02,6.75
508,4161536,148.184533,0.5462,0.4439,0.5140,3636.46,13.3125
509,4169728,142.925093,0.3658,0.4661,0.5282,3817.90,10.0625
510,4177920,144.015340,0.4951,0.5198,0.5076,4258.33,10.8125
511,4186112,143.914968,0.2522,0.4813,0.5193,3942.83,10.875
512,4194304,143.404875,0.4549,0.5044,0.5136,4131.94,10.75
513,4202496,144.281462,0.3974,0.5212,0.5182,4269.50,9.8125
514,4210688,143.236716,0.5544,0.4751,0.5239,3892.11,8.0
515,4218880,143.109134,0.3354,0.4388,0.5017,3594.99,13.875
516,4227072,143.981423,0.1638,0.4682,0.5161,3835.11,9.9375
517,4235264,143.257463,0.2738,0.3636,0.5077,2978.77,7.25
518,4243456,144.986279,0.2985,0.4794,0.5116,3926.88,13.6875
519,4251648,143.859073,0.2513,0.5068,0.5246,4152.05,6.75
520,4259840,143.638658,0.2913,0.4252,0.4909,3483.29,16.3125
521,4268032,144.112978,0.3896,0.5214,0.5241,4271.39,10.875
522,4276224,144.587668,0.4788,0.4693,0.5191,3844.50,9.5
523,4284416,143.904937,0.2975,0.5134,0.5096,4205.86,14.8125
524,4292608,144.583445,0.3955,0.5471,0.5295,4481.48,6.8125
525,4300800,143.005033,0.2824,0.4508,0.4992,3693.34,13.625
526,4308992,143.361753,0.2951,0.4965,0.5295,4067.09,13.4375
527,4317184,143.802237,0.3466,0.4702,0.5272,3851.81,10.8125
528,4325376,142.878890,0.3987,0.5143,0.5080,4212.77,12.75
529,4333568,143.145801,0.2586,0.4945,0.5278,4050.58,8.3125
530,4341760,143.824861,0.2844,0.4194,0.4951,3435.36,11.625
531,4349952,143.548597,0.3130,0.4983,0.5195,4081.71,8.6875
532,4358144,144.082445,0.2836,0.4481,0.5107,3671.14,11.75
533,4366336,144.238564,0.4662,0.4240,0.5043,3473.04,10.9375
534,4374528,142.989489,0.2137,0.4615,0.4990,3780.65,12.25
535,4382720,143.887986,0.3675,0.4040,0.5132,3309.86,5.4375
536,4390912,143.522834,0.4239,0.4605,0.5036,3772.75,15.0625
537,4399104,143.908005,0.5880,0.5046,0.5354,4133.49,6.4375
538,4407296,144.536135,0.2917,0.4292,0.5021,3515.99,13.6875
539,4415488,143.945600,0.2787,0.5195,0.5237,4255.35,13.625
540,4423680,144.815383,0.2020,0.4842,0.5169,3966.31,11.6875
541,4431872,143.596933,0.3773,0.4667,0.5133,3823.21,10.125
542,4440064,143.956913,0.4411,0.5074,0.5128,4156.52,13.375
543,4448256,143.881608,0.5026,0.4352,0.5067,3565.00,8.375
544,4456448,143.384889,0.4356,0.5082,0.5294,4163.14,8.1875
545,4464640,143.514316,0.3754,0.4644,0.5041,3803.99,14.75
546,4472832,143.690679,0.7135,0.4676,0.5253,3830.44,9.625
547,4481024,142.523542,0.4837,0.4602,0.5020,3769.62,12.875
548,4489216,143.519919,0.3100,0.4634,0.5377,3796.56,3.5
549,4497408,142.451255,0.3523,0.4103,0.4917,3360.80,16.25
550,4505600,143.172189,0.4888,0.5029,0.5293,4119.35,7.8125
551,4513792,143.645073,0.2932,0.3996,0.4958,3273.65,13.3125
552,4521984,143.611462,0.2794,0.4782,0.5186,3917.77,11.875
553,4530176,143.518376,0.3302,0.4774,0.5131,3911.14,9.1875
554,4538368,145.333207,0.3254,0.4523,0.5256,3705.61,10.875
555,4546560,144.658858,0.4112,0.4323,0.5177,3541.73,12.25
556,4554752,144.623779,-0.0290,0.4637,0.5149,3798.41,10.8125
557,4562944,145.154567,0.6551,0.4773,0.5343,3909.76,8.1875
558,4571136,144.079004,0.4643,0.5488,0.5113,4495.56,15.3125
559,4579328,145.483218,0.4254,0.4837,0.5231,3962.21,5.9375
560,4587520,144.298999,0.4526,0.4504,0.5161,3689.71,11.875
561,4595712,145.192376,0.3798,0.5318,0.5139,4356.58,14.25
562,4603904,145.944229,0.3277,0.4760,0.5127,3899.20,8.4375
563,4612096,162.216521,0.3077,0.4612,0.5078,3778.32,12.375
564,4620288,141.079916,0.4432,0.5207,0.5187,4265.86,11.6875
565,4628480,144.022707,0.1135,0.4522,0.5170,3704.40,12.875
566,4636672,144.911675,0.2920,0.4556,0.5043,3732.04,8.125
567,4644864,144.436640,0.3916,0.4597,0.5272,3765.60,9.5625
568,4653056,144.382670,0.2140,0.4354,0.5005,3566.91,15.125
569,4661248,143.353633,0.4253,0.4980,0.5208,4079.45,8.1875
570,4669440,144.275121,0.0953,0.4691,0.5021,3843.12,17.75
571,4677632,144.536582,0.7158,0.5358,0.5273,4389.19,6.625
572,4685824,143.477159,0.2740,0.4727,0.5094,3872.43,13.625
573,4694016,144.144416,0.3727,0.5161,0.5304,4227.53,10.125
574,4702208,143.751932,0.6643,0.4811,0.5261,3941.39,9.0
575,4710400,143.994237,0.2682,0.5174,0.5132,4238.39,11.75
576,4718592,144.826094,0.2626,0.5122,0.5179,4196.04,7.8125
577,4726784,144.349730,0.3891,0.4466,0.4996,3658.61,16.125
578,4734976,145.899438,0.2925,0.5344,0.5256,4377.69,10.3125
579,4743168,144.077871,0.3733,0.4168,0.5070,3414.44,12.25
580,4751360,144.448321,0.3397,0.5508,0.5076,4512.24,12.9375
581,4759552,144.180510,0.3094,0.4634,0.5317,3796.00,7.4375
582,4767744,144.261537,0.3246,0.5483,0.5154,4491.30,11.3125
583,4775936,144.004184,0.2984,0.4774,0.5119,3910.69,9.75
584,4784128,143.540399,0.4791,0.3952,0.4994,3237.20,12.0625
585,4792320,143.445979,0.4431,0.4861,0.5181,3982.46,9.5
586,4800512,143.427296,0.3742,0.4818,0.5171,3946.59,10.8125
587,4808704,143.750296,0.5661,0.5599,0.5176,4586.33,11.3125
588,4816896,144.211940,0.3168,0.4711,0.5206,3859.49,10.5625
589,4825088,145.843003,0.3597,0.4923,0.5129,4032.98,12.8125
590,4833280,144.445739,0.3566,0.5047,0.5007,4134.65,11.75
591,4841472,144.502281,0.4535,0.4993,0.5307,4090.46,12.0
592,4849664,144.703999,0.4242,0.4706,0.5247,3855.11,12.3125
593,4857856,143.604436,0.2064,0.4786,0.4961,3920.91,13.4375
594,4866048,144.209889,0.4634,0.4879,0.5187,3996.76,8.8125
595,4874240,144.158541,0.4986,0.4209,0.4927,3448.20,14.375
596,4882432,144.333069,0.3736,0.4659,0.5108,3816.96,9.625
597,4890624,145.274262,0.3414,0.4187,0.4931,3430.10,12.125
598,4898816,144.553092,0.4634,0.5249,0.5123,4299.86,8.8125
599,4907008,146.117828,0.5187,0.4432,0.5210,3630.74,8.875
600,4915200,146.701433,0.2302,0.5034,0.5032,4124.01,17.625
601,4923392,146.524194,0.3571,0.5240,0.5351,4292.59,5.4375
602,4931584,148.146866,0.3723,0.3323,0.4756,2722.45,12.1875
603,4939776,145.771264,0.1512,0.5939,0.4968,4864.98,16.25
604,4947968,144.735213,0.1422,0.4661,0.5225,3818.65,7.25
605,4956160,146.752053,0.3151,0.4422,0.4919,3622.59,16.5
606,4964352,145.928187,0.3307,0.5370,0.5150,4399.31,10.5
607,4972544,145.687401,0.2992,0.4146,0.5042,3396.77,14.625
608,4980736,144.799120,0.3404,0.5056,0.5115,4142.17,8.0625
609,4988928,145.042897,0.3698,0.4949,0.5292,4054.54,10.8125
610,4997120,144.065714,0.4423,0.4254,0.4964,3485.15,9.4375
611,5005312,143.176508,0.3891,0.5245,0.5236,4296.90,14.625
612,5013504,143.675656,0.3445,0.4056,0.5132,3323.01,9.9375
613,5021696,143.184545,0.5412,0.5403,0.5007,4426.17,12.25
614,5029888,141.321502,0.3487,0.4497,0.5246,3684.08,12.125
615,5038080,142.215503,0.4094,0.5061,0.4965,4146.12,15.0625
616,5046272,141.283712,0.3999,0.5376,0.5400,4404.39,6.875
617,5054464,143.472586,0.4611,0.3906,0.4946,3200.04,13.625
618,5062656,144.743528,0.3956,0.5844,0.5171,4787.67,13.5625
619,5070848,145.348117,0.3064,0.4444,0.5088,3640.40,9.4375
620,5079040,143.072834,0.5535,0.4870,0.5095,3989.68,11.0625
621,5087232,147.759822,0.5474,0.4601,0.5273,3769.21,9.5
622,5095424,143.954360,0.2341,0.5015,0.5096,4107.90,10.75
623,5103616,143.686360,0.3457,0.4481,0.5269,3671.04,8.3125
624,5111808,144.005660,0.3713,0.4821,0.5057,3949.55,17.0
625,5120000,141.750092,0.1612,0.4864,0.5141,3984.49,6.6875
626,5128192,141.492095,0.0907,0.4107,0.4965,3364.53,14.3125
627,5136384,144.115754,0.3308,0.4659,0.5156,3816.41,10.9375
628,5144576,144.669219,0.4372,0.4322,0.5262,3540.19,8.125
629,5152768,143.074488,0.1977,0.4175,0.4793,3420.16,16.375
630,5160960,144.459973,0.3418,0.5527,0.5389,4528.06,8.1875
631,5169152,142.178246,0.4753,0.4997,0.5192,4093.49,10.875
632,5177344,143.425131,0.2572,0.4790,0.5088,3923.86,13.6875
633,5185536,140.930646,0.3127,0.5001,0.5098,4097.17,11.75
634,5193728,143.110482,0.4576,0.4982,0.5249,4081.26,7.1875
635,5201920,143.848135,0.4008,0.5356,0.5078,4387.78,13.375
636,5210112,142.625140,0.2787,0.4654,0.5185,3812.65,9.8125
637,5218304,143.481815,0.5205,0.4858,0.5097,3979.34,13.3125
638,5226496,143.502151,0.2526,0.4792,0.5326,3925.26,9.9375
639,5234688,141.226747,0.5391,0.4734,0.5182,3878.00,9.0625
640,5242880,139.812347,0.2194,0.4373,0.5046,3582.68,12.6875
641,5251072,140.865196,0.3282,0.5274,0.5152,4320.30,8.9375
642,5259264,143.107131,0.3687,0.3892,0.5022,3188.27,12.875
643,5267456,143.083932,0.3747,0.5195,0.5167,4255.75,12.3125
644,5275648,142.703445,0.1983,0.4891,0.5204,4006.89,10.9375
645,5283840,140.497880,0.2878,0.5017,0.5127,4109.75,12.125
646,5292032,142.776734,0.5961,0.5482,0.5329,4491.20,8.3125
647,5300224,142.253198,0.2313,0.4736,0.5069,3879.88,13.6875
648,5308416,141.781905,0.4412,0.5262,0.5317,4310.83,10.75
649,5316608,142.265600,0.1334,0.4294,0.5021,3518.01,12.3125
650,5324800,142.661353,0.4832,0.5182,0.5259,4244.79,12.125
651,5332992,144.878555,0.4865,0.5609,0.5069,4594.83,12.375
652,5341184,141.720704,0.3920,0.4282,0.5182,3508.20,5.5
653,5349376,142.600655,0.5593,0.4965,0.5270,4067.36,13.5625
654,5357568,140.857021,0.3579,0.5367,0.5159,4396.64,9.75
655,5365760,143.636755,0.3977,0.4518,0.5207,3701.46,8.5
656,5373952,141.017503,0.2735,0.4809,0.5091,3939.61,14.5625
657,5382144,141.730734,0.3624,0.5357,0.5253,4388.10,9.4375
658,5390336,141.120397,0.5160,0.4452,0.5063,3647.48,13.75
659,5398528,144.548069,0.2017,0.5637,0.5132,4617.89,12.625
660,5406720,144.798703,0.1561,0.4280,0.5138,3505.86,10.6875
661,5414912,146.354748,0.2928,0.5360,0.5124,4391.20,10.75
662,5423104,145.222189,0.3768,0.4599,0.5133,3767.76,12.5
663,5431296,143.036373,0.4259,0.4750,0.5049,3891.04,14.125
664,5439488,144.246704,0.2639,0.4391,0.5198,3596.94,9.5625
665,5447680,142.669079,0.4960,0.4393,0.5014,3598.90,12.9375
666,5455872,143.088294,0.2294,0.4771,0.5188,3908.66,10.375
667,5464064,143.262944,0.3899,0.4363,0.5182,3574.56,8.6875
668,5472256,144.191218,0.5567,0.4851,0.5247,3974.00,12.3125
669,5480448,142.994939,0.4627,0.4755,0.5202,3895.11,10.5
670,5488640,143.667015,0.2765,0.4871,0.5186,3990.28,10.0
671,5496832,141.800092,0.3217,0.3948,0.5121,3234.43,9.625
672,5505024,144.605929,0.2845,0.3669,0.4887,3005.34,7.0
673,5513216,142.868999,0.5230,0.3744,0.5041,3067.45,7.875
674,5521408,141.690626,0.2387,0.3511,0.4876,2876.39,10.875
675,5529600,143.655356,0.3535,0.3720,0.4994,3047.34,8.0
676,5537792,146.958932,0.3316,0.4539,0.5238,3718.52,8.125
677,5545984,142.920227,0.5058,0.4224,0.5194,3460.25,10.75
678,5554176,141.542607,0.4754,0.5172,0.5262,4236.78,10.5
679,5562368,141.953039,0.0727,0.4539,0.5116,3718.32,11.25
680,5570560,146.628316,0.3222,0.4643,0.5167,3803.33,10.5
681,5578752,143.040640,0.3013,0.4903,0.5080,4016.46,12.3125
682,5586944,143.396889,0.3861,0.4059,0.5145,3325.49,7.4375
683,5595136,144.887333,0.3886,0.3621,0.4882,2966.01,6.8125
684,5603328,141.908803,0.1854,0.4234,0.5006,3468.19,12.1875
685,5611520,139.143435,0.3064,0.4638,0.5104,3799.81,10.8125
686,5619712,137.277831,0.3789,0.5256,0.5386,4305.99,8.3125
687,5627904,136.609622,0.2992,0.5114,0.5128,4189.72,14.5
688,5636096,137.275382,0.3913,0.4733,0.5154,3877.34,11.5
689,5644288,138.970699,0.2341,0.4611,0.5189,3777.44,10.375
690,5652480,137.391065,0.4744,0.5503,0.5191,4508.38,12.0625
691,5660672,135.970692,0.1823,0.4287,0.5095,3512.29,11.0625
692,5668864,138.608390,0.4348,0.5320,0.5271,4357.83,8.6875
693,5677056,140.441813,0.3350,0.5016,0.5171,4109.40,13.9375
694,5685248,138.158775,0.4380,0.5248,0.5319,4298.91,10.25
695,5693440,138.117924,0.1457,0.4707,0.5061,3855.60,14.0625
696,5701632,137.065483,0.4023,0.5233,0.5210,4286.50,6.8125
697,5709824,138.804438,0.4218,0.4596,0.5015,3765.30,17.75
698,5718016,137.997141,0.2580,0.5513,0.5197,4515.91,6.8125
699,5726208,137.615561,0.5123,0.4256,0.5063,3486.84,10.875
700,5734400,137.542842,0.2670,0.4394,0.5182,3599.18,9.5625
701,5742592,138.745144,0.4371,0.4708,0.5182,3857.08,9.5
702,5750784,138.271287,0.3431,0.4580,0.5298,3752.31,7.0625
703,5758976,139.225688,0.4457,0.4696,0.5141,3847.24,13.3125
704,5767168,139.179379,0.3047,0.5434,0.5243,4451.44,7.25
705,5775360,138.509107,0.4735,0.4581,0.5072,3752.81,15.9375
706,5783552,138.220595,0.3720,0.5360,0.5281,4390.90,6.75
707,5791744,138.352339,0.3870,0.4466,0.4994,3658.45,17.625
708,5799936,140.369101,0.3221,0.5159,0.5112,4226.60,8.125
709,5808128,140.272507,0.2631,0.4785,0.5125,3920.15,13.5625
710,5816320,137.284276,0.2652,0.4289,0.5042,3513.86,8.1875
711,5824512,140.668025,0.3972,0.5158,0.5246,4225.70,9.5
712,5832704,139.439770,0.3680,0.5065,0.5272,4148.90,13.1875
713,5840896,138.112652,0.4203,0.5115,0.5279,4190.34,11.25
714,5849088,139.869600,0.1982,0.4601,0.5150,3768.88,9.5625
715,5857280,139.015996,0.3445,0.5026,0.5199,4117.15,13.3125
716,5865472,137.963373,0.5884,0.5482,0.5294,4490.61,10.6875
717,5873664,137.641838,0.3349,0.4606,0.5103,3773.61,13.6875
718,5881856,138.102383,0.2591,0.5090,0.5144,4169.70,10.875
719,5890048,138.283559,0.3878,0.4853,0.5245,3975.94,7.0
720,5898240,137.408532,0.3169,0.4875,0.5089,3993.75,14.8125
721,5906432,138.662892,0.3908,0.5239,0.5174,4291.50,10.9375
722,5914624,136.886900,0.0619,0.4419,0.4996,3619.65,10.9375
723,5922816,138.071573,0.4035,0.3879,0.5009,3177.31,10.875
724,5931008,138.454760,0.4573,0.4345,0.5093,3559.36,10.9375
725,5939200,139.256478,0.2176,0.4180,0.5070,3423.93,12.125
726,5947392,138.553202,0.3984,0.4569,0.5224,3742.70,5.375
727,5955584,138.581614,0.4287,0.3977,0.5187,3258.31,10.8125
728,5963776,140.222790,0.3532,0.4902,0.5184,4015.91,12.375
729,5971968,138.803200,0.3312,0.4585,0.5162,3756.35,10.8125
730,5980160,138.680355,0.2499,0.5215,0.5237,4271.91,10.75
731,5988352,139.786574,0.3639,0.5028,0.5140,4119.20,13.375
732,5996544,139.648576,0.2595,0.4827,0.5142,3954.31,11.375
733,6004736,138.864604,0.0939,0.4810,0.5119,3940.15,9.5625
734,6012928,138.106570,0.1533,0.4817,0.5077,3946.00,15.125
735,6021120,138.200899,0.1607,0.5543,0.5221,4540.70,12.25
736,6029312,139.194415,0.3887,0.4407,0.5131,3610.03,8.1875
737,6037504,138.672862,0.1842,0.4636,0.4972,3797.65,18.125
738,6045696,138.345603,0.5499,0.5040,0.5494,4128.77,7.6875
739,6053888,137.661146,0.3904,0.4391,0.4967,3597.06,13.6875
740,6062080,138.146031,0.6100,0.4790,0.5264,3924.06,9.5
741,6070272,138.481661,0.3448,0.5389,0.5163,4414.61,10.875
742,6078464,136.267083,0.3292,0.4533,0.5158,3713.45,9.5
743,6086656,138.078238,0.4245,0.4858,0.5206,3979.86,9.5625
744,6094848,138.940462,0.4791,0.4914,0.5202,4025.57,9.5
745,6103040,138.960798,0.4220,0.5006,0.5158,4100.85,12.25
746,6111232,139.404269,0.2237,0.4779,0.5092,3915.25,14.125
747,6119424,138.895879,0.5313,0.4992,0.5426,4089.46,7.625
748,6127616,138.219999,0.1227,0.4749,0.4933,3890.56,15.125
749,6135808,140.258173,0.2637,0.5458,0.5158,4471.54,9.8125
750,6144000,139.545485,0.2329,0.4482,0.5202,3671.30,11.875
751,6152192,139.933537,0.5399,0.5197,0.5314,4257.08,10.4375
752,6160384,138.514581,0.4089,0.5256,0.5255,4305.72,12.6875
753,6168576,139.978173,0.2602,0.5111,0.5155,4186.82,10.8125
754,6176768,138.781058,0.4178,0.4378,0.5072,3586.77,9.5625
755,6184960,139.321388,0.2406,0.4856,0.5126,3977.95,13.5625
756,6193152,138.502615,0.3246,0.5050,0.5319,4137.03,5.375
757,6201344,138.295472,0.3513,0.3792,0.4909,3106.18,15.0
758,6209536,139.183489,0.2865,0.5652,0.5098,4630.34,15.0
759,6217728,138.330616,0.1963,0.4408,0.5171,3611.20,8.125
760,6225920,137.040811,0.3624,0.5098,0.4970,4176.44,16.625
761,6234112,137.690153,0.1377,0.5227,0.5322,4281.60,9.25
762,6242304,138.053277,0.4493,0.4497,0.5362,3683.95,10.375
763,6250496,138.847170,0.2871,0.4706,0.5033,3855.36,12.875
764,6258688,137.552754,0.4481,0.4897,0.5253,4011.27,6.75
765,6266880,138.557489,0.3012,0.4918,0.5011,4028.83,16.3125
766,6275072,139.496580,0.1894,0.5479,0.5226,4488.47,9.3125
767,6283264,139.259881,0.2782,0.3929,0.4908,3218.66,15.125
768,6291456,138.178808,0.4175,0.5796,0.5172,4748.19,12.3125
769,6299648,137.787246,0.3526,0.4641,0.5137,3802.25,8.1875
770,6307840,138.172862,0.3512,0.5390,0.5125,4415.20,14.8125
771,6316032,138.922640,0.3699,0.4962,0.5286,4064.99,8.9375
772,6324224,140.183111,0.5044,0.4827,0.5139,3953.99,12.75
773,6332416,138.190741,0.4886,0.5679,0.5228,4652.33,8.3125
774,6340608,137.188306,0.1759,0.4427,0.5183,3626.84,13.1875
775,6348800,136.423033,0.2909,0.5254,0.5071,4304.26,12.5
776,6356992,138.291668,0.4688,0.4558,0.5216,3734.25,9.5
777,6365184,138.825010,0.5696,0.5769,0.5155,4725.88,8.125
778,6373376,139.199788,0.3805,0.4563,0.5269,3737.80,9.625
779,6381568,137.689018,0.4289,0.5099,0.5215,4176.70,12.25
780,6389760,139.384504,0.5390,0.5199,0.5183,4258.67,12.0625
781,6397952,137.438301,0.3571,0.4315,0.5112,3534.94,11.125
782,6406144,139.667531,0.5738,0.5748,0.5178,4708.94,9.125
783,6414336,138.133703,0.2646,0.4638,0.5215,3799.38,9.9375
784,6422528,138.309966,0.3833,0.5187,0.5088,4249.33,13.5
785,6430720,139.206075,0.4637,0.5059,0.5278,4144.54,9.4375
786,6438912,138.355703,0.2326,0.4392,0.4940,3598.05,13.6875
787,6447104,139.615041,0.3337,0.5951,0.5273,4874.83,8.6875
788,6455296,138.991927,0.3720,0.4678,0.5292,3832.01,8.9375
789,6463488,138.151437,0.3145,0.5074,0.5009,4156.89,15.375
790,6471680,136.863055,0.3810,0.5109,0.5285,4185.39,7.75
791,6479872,137.172786,0.1676,0.4666,0.4974,3822.14,15.125
792,6488064,137.824112,0.2922,0.5220,0.5308,4276.46,8.0
793,6496256,138.483847,0.3375,0.4674,0.5065,3828.68,15.0625
794,6504448,139.311076,0.5399,0.4920,0.5371,4030.38,6.625
795,6512640,138.929833,0.4391,0.5171,0.5146,4235.98,13.25
796,6520832,139.913095,0.3067,0.4927,0.5243,4036.25,8.8125
797,6529024,140.351346,0.2497,0.4856,0.5101,3978.00,14.9375
798,6537216,139.900074,0.3184,0.5000,0.5157,4095.86,8.3125
799,6545408,139.940925,0.3827,0.4570,0.5138,3744.10,10.875
800,6553600,139.056572,0.2791,0.4805,0.5085,3936.10,15.5
801,6561792,139.453696,0.1201,0.5250,0.5219,4300.92,13.0
802,6569984,137.320608,0.4528,0.4993,0.5465,4090.29,5.5
803,6578176,139.304940,0.2798,0.4103,0.4941,3361.34,15.0625
804,6586368,138.625599,0.2728,0.5884,0.5088,4820.50,9.5625
805,6594560,138.046885,0.2727,0.4177,0.5040,3421.54,14.4375
806,6602752,138.268653,0.4244,0.5455,0.5186,4468.94,9.5
807,6610944,138.781567,0.2611,0.3808,0.4982,3119.45,11.4375
808,6619136,139.218620,0.4013,0.5001,0.5193,4097.09,10.5
809,6627328,139.139546,0.2595,0.5424,0.5177,4443.46,11.375
810,6635520,138.339067,0.3364,0.4313,0.5287,3532.85,10.875
811,6643712,138.792008,0.2430,0.5163,0.4986,4229.30,16.0625
812,6651904,138.062979,0.3164,0.5552,0.5279,4548.05,8.1875
813,6660096,139.429851,0.4845,0.4448,0.5121,3644.20,11.3125
814,6668288,140.180018,0.3227,0.5449,0.5213,4463.74,11.375
815,6676480,140.416531,0.5534,0.4824,0.5262,3952.22,6.3125
816,6684672,138.836164,0.2899,0.4465,0.5101,3657.64,15.0
817,6692864,139.650178,0.5981,0.5435,0.5394,4452.00,5.375
818,6701056,139.268951,0.2919,0.5127,0.5080,4200.26,12.3125
819,6709248,139.626294,0.4402,0.4385,0.5132,3592.30,12.375
820,6717440,139.420655,0.3794,0.4799,0.5132,3931.20,12.375
821,6725632,138.287995,0.3510,0.4334,0.5085,3550.17,6.8125
822,6733824,137.661132,0.3329,0.4890,0.5068,4005.97,14.9375
823,6742016,139.659585,0.2276,0.5148,0.5227,4217.26,10.9375
824,6750208,137.387981,0.0951,0.4450,0.5131,3645.30,12.3125
825,6758400,137.352194,0.2970,0.4700,0.5039,3850.35,12.3125
826,6766592,137.638179,0.3934,0.4390,0.5149,3595.90,9.5
827,6774784,138.013148,0.3932,0.4905,0.5366,4018.35,9.5
828,6782976,137.699027,0.4510,0.5436,0.5285,4452.93,10.25
829,6791168,138.523885,0.2273,0.3846,0.4952,3150.34,10.0625
830,6799360,139.163224,0.2514,0.4632,0.5236,3794.50,12.25
831,6807552,138.634098,0.3737,0.4993,0.5293,4090.44,8.25
832,6815744,138.439536,0.3818,0.4724,0.5090,3869.79,15.0
833,6823936,137.937284,0.2105,0.4734,0.5052,3878.24,12.1875
834,6832128,138.940287,0.2566,0.4586,0.5092,3756.56,10.9375
835,6840320,137.218155,0.1596,0.4562,0.5208,3737.11,9.8125
836,6848512,139.714370,0.2314,0.4163,0.4928,3410.29,11.9375
837,6856704,138.681326,0.4864,0.5114,0.5310,4189.03,8.1875
838,6864896,140.827188,0.3047,0.3795,0.4892,3108.76,13.625
839,6873088,138.549348,0.3251,0.6111,0.5068,5006.11,12.5625
840,6881280,138.697612,0.2280,0.4312,0.5026,3532.32,9.25
841,6889472,139.055533,0.6496,0.5150,0.5250,4218.67,13.625
842,6897664,140.128817,0.3591,0.5247,0.5403,4298.00,5.875
843,6905856,138.995396,0.4556,0.4969,0.5280,4070.99,10.4375
844,6914048,138.805336,0.4385,0.5154,0.5222,4222.53,9.5625
845,6922240,140.175958,0.3333,0.5882,0.5085,4818.54,8.6875
846,6930432,138.561854,0.2485,0.3946,0.4905,3232.59,15.8125
847,6938624,137.056719,0.5351,0.5241,0.5286,4293.14,9.5625
848,6946816,139.494212,0.3481,0.4688,0.5071,3840.71,16.25
849,6955008,140.742960,0.1091,0.5363,0.5289,4393.12,8.1875
850,6963200,139.651369,0.4120,0.4752,0.5258,3892.57,9.375
851,6971392,139.985651,0.5253,0.5497,0.5208,4503.06,10.875
852,6979584,140.136623,0.2779,0.4405,0.5242,3608.32,12.3125
853,6987776,138.242569,0.3142,0.5586,0.5102,4576.05,10.875
854,6995968,137.813110,0.2963,0.4589,0.5025,3759.31,10.8125
855,7004160,137.917181,0.2018,0.4873,0.5196,3992.10,12.25
856,7012352,138.339254,0.1987,0.4452,0.5166,3647.43,11.8125
857,7020544,139.336204,0.3357,0.4654,0.5123,3812.16,9.6875
858,7028736,139.753141,0.3997,0.5282,0.5113,4327.38,13.625
859,7036928,140.307567,0.3603,0.4650,0.5258,3809.69,8.0625
860,7045120,138.367907,0.3712,0.5341,0.5171,4375.27,10.875
861,7053312,138.753733,0.3926,0.4584,0.5294,3755.12,10.8125
862,7061504,139.259844,0.3269,0.4354,0.5048,3567.19,9.5
863,7069696,139.647177,0.3317,0.5044,0.5167,4132.25,10.0
864,7077888,140.359466,0.3772,0.5098,0.5130,4176.45,12.0625
865,7086080,137.983377,0.2804,0.5166,0.5227,4232.11,10.8125
866,7094272,136.744178,0.3364,0.4069,0.4930,3333.26,14.5625
867,7102464,137.640256,0.5318,0.5607,0.5324,4593.02,5.5
868,7110656,138.074749,0.2196,0.5301,0.5061,4342.76,13.6875
869,7118848,138.560208,0.2357,0.4615,0.5158,3780.60,14.6875
870,7127040,137.029181,0.2911,0.4704,0.5214,3853.39,9.5625
871,7135232,137.176782,0.3414,0.5241,0.5195,4293.65,13.6875
872,7143424,140.014322,0.4601,0.4890,0.5272,4005.85,8.1875
873,7151616,138.502257,0.4708,0.5034,0.5233,4123.94,10.8125
874,7159808,139.512730,0.3876,0.4617,0.5052,3782.18,12.1875
875,7168000,137.080433,0.4426,0.4835,0.5358,3960.55,6.3125
876,7176192,136.745585,0.3384,0.5094,0.5211,4173.41,12.125
877,7184384,138.633056,0.4491,0.4531,0.5271,3711.58,7.4375
878,7192576,139.654551,0.2553,0.5042,0.5197,4130.64,13.5625
879,7200768,137.538786,0.3392,0.5179,0.5379,4242.56,6.75
880,7208960,140.156641,0.4633,0.4967,0.5267,4068.85,10.875
881,7217152,139.067748,0.4913,0.4426,0.5121,3625.54,9.5
882,7225344,139.608482,0.3506,0.5139,0.5265,4209.91,9.5
883,7233536,139.508000,0.3616,0.4565,0.5197,3739.38,12.25
884,7241728,139.365117,0.3767,0.4649,0.5234,3808.65,6.875
885,7249920,138.374990,0.2901,0.4401,0.4952,3605.61,13.5625
886,7258112,137.395790,0.2388,0.5157,0.5153,4224.58,14.8125
887,7266304,140.103656,0.4375,0.4826,0.5203,3953.65,9.5625
888,7274496,140.183380,0.4227,0.4503,0.5174,3688.51,8.1875
889,7282688,139.823151,0.6444,0.4916,0.5340,4026.84,6.875
890,7290880,137.517830,0.4180,0.5315,0.5231,4354.28,9.375
891,7299072,138.835678,0.3809,0.4787,0.5247,3921.62,13.625
892,7307264,137.559804,0.3930,0.5489,0.5251,4496.55,8.875
893,7315456,141.164732,0.5032,0.4454,0.5047,3648.89,10.1875
894,7323648,140.628086,0.3827,0.5741,0.5223,4702.80,10.5
895,7331840,138.665175,0.2331,0.4566,0.5024,3740.29,12.625
896,7340032,137.851058,0.4288,0.4936,0.5172,4043.60,9.5625
897,7348224,139.970103,0.4002,0.4898,0.5071,4012.09,16.375
898,7356416,137.815590,0.3924,0.5178,0.5238,4241.84,8.125
899,7364608,140.219526,0.2938,0.4093,0.5157,3352.68,9.625
900,7372800,138.166993,0.3602,0.5340,0.5214,4374.36,10.8125
901,7380992,138.733883,0.3115,0.5410,0.5227,4432.25,10.8125
902,7389184,138.406716,0.2593,0.4986,0.5054,4084.49,15.375
903,7397376,138.572425,0.2779,0.4955,0.5153,4058.77,10.4375
904,7405568,140.194063,0.3833,0.4858,0.5222,3979.31,12.1875
905,7413760,139.644764,0.3697,0.5074,0.5123,4156.86,13.625
906,7421952,138.884778,0.3190,0.4580,0.5210,3751.91,8.25
907,7430144,138.164417,0.3289,0.4833,0.5122,3958.89,12.25
908,7438336,138.274483,0.4627,0.5248,0.5208,4299.09,9.3125
909,7446528,139.233997,0.3459,0.4355,0.5036,3567.74,12.1875
910,7454720,137.975297,0.5867,0.5386,0.5352,4412.47,9.4375
911,7462912,139.222749,0.3973,0.5074,0.5214,4156.60,11.0625
912,7471104,137.702693,0.5374,0.5472,0.5343,4482.52,10.875
913,7479296,138.668027,0.2971,0.5077,0.5230,4159.09,8.1875
914,7487488,139.204927,0.4284,0.5026,0.5106,4117.14,13.625
915,7495680,137.573375,0.6031,0.5050,0.5332,4137.06,8.25
916,7503872,139.705789,0.4761,0.4942,0.5293,4048.60,9.5625
917,7512064,138.304353,0.4083,0.4998,0.5096,4094.40,12.3125
918,7520256,139.401837,0.3890,0.5027,0.5271,4117.81,13.6875
919,7528448,139.409932,0.2728,0.4660,0.5168,3817.31,8.125
920,7536640,138.155470,0.4739,0.4959,0.5018,4062.61,13.4375
921,7544832,137.901209,0.1887,0.5032,0.5249,4121.98,8.375
922,7553024,139.547650,0.2541,0.4769,0.5031,3906.55,16.25
923,7561216,137.782742,0.2815,0.5569,0.5179,4562.35,10.75
924,7569408,138.950936,0.2779,0.4361,0.5305,3572.84,9.6875
925,7577600,139.300868,0.2755,0.5478,0.5024,4487.95,10.9375
926,7585792,137.449587,0.1437,0.4042,0.5107,3310.91,12.125
927,7593984,139.284502,0.4722,0.5340,0.5067,4374.29,13.3125
928,7602176,137.835952,0.2078,0.4667,0.5250,3822.81,9.75
929,7610368,140.101214,0.4123,0.4845,0.4989,3969.12,15.875
930,7618560,139.737701,0.4162,0.4538,0.5267,3717.46,8.5625
931,7626752,139.144952,0.6345,0.4382,0.5072,3589.84,9.4375
932,7634944,137.960486,0.6169,0.5826,0.5371,4772.75,8.125
933,7643136,139.770486,0.3243,0.4682,0.5205,3835.25,10.875
934,7651328,137.689147,0.3601,0.4623,0.5121,3787.44,12.25
935,7659520,138.399920,0.2832,0.5131,0.5211,4203.71,8.8125
936,7667712,139.038693,0.2898,0.4810,0.5051,3940.30,12.875
937,7675904,139.790217,0.5132,0.5181,0.5265,4244.19,9.625
938,7684096,138.953172,0.3674,0.4565,0.5130,3739.31,10.9375
939,7692288,140.598347,0.4300,0.5276,0.5085,4322.29,13.625
940,7700480,141.605692,0.3858,0.5001,0.5239,4096.48,10.75
941,7708672,140.186624,0.4209,0.4667,0.5081,3823.07,12.3125
942,7716864,139.368132,0.4620,0.4983,0.5384,4082.38,9.5
943,7725056,140.203487,0.2912,0.5337,0.5074,4371.96,16.5625
944,7733248,140.514581,0.3138,0.4957,0.5319,4061.07,9.25
945,7741440,139.591512,0.5664,0.4390,0.5031,3596.55,10.8125
946,7749632,138.867508,0.3816,0.4963,0.5025,4065.45,15.0
947,7757824,139.015012,0.3575,0.5083,0.5207,4164.34,7.8125
948,7766016,139.614623,0.1536,0.4872,0.5048,3991.52,16.8125
949,7774208,139.501316,0.3954,0.4876,0.5221,3994.40,8.375
950,7782400,136.811590,0.1379,0.4329,0.5054,3545.99,13.3125
951,7790592,137.222302,0.3915,0.5510,0.5206,4513.49,10.8125
952,7798784,137.855194,0.1435,0.4841,0.5213,3965.92,9.75
953,7806976,137.565637,0.2996,0.4905,0.5222,4018.02,10.75
954,7815168,139.035961,0.3973,0.5130,0.5104,4202.71,9.5625
955,7823360,137.924595,0.5285,0.4581,0.5272,3752.50,9.5625
956,7831552,138.560084,0.4886,0.4959,0.5263,4062.26,10.875
957,7839744,139.478982,0.2587,0.4978,0.5090,4077.77,11.0
958,7847936,136.810107,0.4163,0.5156,0.5198,4223.60,9.375
959,7856128,138.245877,0.3492,0.4155,0.4932,3403.89,15.0625
960,7864320,138.437838,0.4421,0.5586,0.5271,4576.07,10.5
961,7872512,139.968951,0.3552,0.4682,0.5108,3835.48,8.8125
962,7880704,139.060982,0.2146,0.4935,0.5133,4043.10,12.0
963,7888896,140.095967,0.5889,0.5231,0.5263,4285.58,10.875
964,7897088,139.571039,0.5266,0.4634,0.5323,3796.55,8.125
965,7905280,138.768878,0.3441,0.5166,0.5123,4232.36,12.25
966,7913472,137.193950,0.3390,0.5001,0.5078,4096.99,12.1875
967,7921664,138.890099,0.2833,0.5112,0.5098,4187.75,12.25
968,7929856,139.503757,0.4728,0.5053,0.5168,4139.42,9.9375
969,7938048,138.856257,0.3359,0.5312,0.5239,4351.64,12.0625
970,7946240,139.832356,0.4355,0.4901,0.5308,4015.01,8.8125
971,7954432,139.400980,0.3889,0.5306,0.5067,4346.31,14.25
972,7962624,139.167024,0.3050,0.4675,0.5172,3829.51,8.875
973,7970816,138.557376,0.3057,0.4953,0.5146,4057.82,15.5625
974,7979008,139.854316,0.2451,0.4985,0.5110,4083.71,10.8125
975,7987200,140.712039,0.4233,0.4651,0.5105,3810.38,10.0625
976,7995392,137.937861,0.2282,0.5055,0.5050,4140.84,14.3125
977,8003584,138.272266,0.3182,0.5516,0.5146,4519.08,12.625
978,8011776,139.380303,0.3479,0.4291,0.5142,3514.92,9.25
979,8019968,138.602953,0.3000,0.5905,0.5068,4837.46,10.6875
980,8028160,139.533595,0.5400,0.4297,0.5136,3520.14,9.75
981,8036352,140.232638,0.5167,0.4951,0.5210,4055.61,9.5625
982,8044544,138.461823,0.3168,0.5078,0.5184,4160.30,12.1875
983,8052736,138.090060,0.1682,0.5028,0.5062,4118.83,12.25
984,8060928,137.605900,0.3142,0.5506,0.5198,4510.44,9.4375
985,8069120,139.106116,0.2829,0.4191,0.5048,3432.98,16.1875
986,8077312,140.149997,0.5541,0.6282,0.5204,5146.20,5.8125
987,8085504,137.685371,0.1843,0.3666,0.4929,3002.82,14.3125
988,8093696,139.522239,0.4604,0.5655,0.5114,4632.88,12.1875
989,8101888,139.716374,0.2946,0.4567,0.5152,3740.90,12.125
990,8110080,139.332173,0.2526,0.5138,0.5056,4208.77,12.4375
991,8118272,137.625844,0.4840,0.4579,0.5120,3750.73,12.375
992,8126464,138.976026,0.3501,0.5135,0.5181,4206.73,12.3125
993,8134656,140.989214,0.2002,0.4805,0.5089,3935.85,11.125
994,8142848,140.238612,0.4452,0.5074,0.5131,4156.94,12.625
995,8151040,138.989669,0.2087,0.5028,0.5133,4119.33,13.25
996,8159232,139.711142,0.4732,0.5587,0.5178,4577.25,6.9375
997,8167424,138.358937,0.1582,0.4419,0.4976,3619.86,18.8125
998,8175616,137.200130,0.2005,0.5636,0.5176,4616.69,11.0
999,8183808,139.807103,0.3098,0.4110,0.5038,3367.04,10.875
1000,8192000,140.490180,0.3585,0.5049,0.5075,4136.30,14.75
1001,8200192,137.177218,0.3555,0.4734,0.5249,3878.07,9.375
1002,8208384,139.031237,0.4882,0.5100,0.5148,4177.79,12.5
1003,8216576,139.616931,0.3656,0.4981,0.5201,4080.50,11.9375
1004,8224768,139.068719,0.4855,0.4857,0.5110,3978.97,11.125
1005,8232960,139.013274,0.5828,0.5554,0.5384,4549.58,5.5
1006,8241152,138.642783,0.2559,0.4580,0.5066,3752.17,16.375
1007,8249344,139.757366,0.5591,0.5417,0.5254,4437.81,7.375
1008,8257536,139.387026,0.3302,0.4534,0.5156,3714.08,14.375
1009,8265728,139.601347,0.4283,0.4929,0.5073,4037.62,9.5
1010,8273920,138.390430,0.2673,0.4896,0.5134,4010.72,9.875
1011,8282112,138.220587,0.2976,0.5075,0.5166,4157.50,14.5625
1012,8290304,137.780276,0.2835,0.4613,0.5126,3779.21,8.1875
1013,8298496,140.749635,0.4521,0.5308,0.5200,4348.49,12.3125
1014,8306688,140.005611,0.3263,0.5099,0.5213,4177.25,10.9375
1015,8314880,139.916018,0.1800,0.4869,0.5133,3988.45,12.25
1016,8323072,139.007010,0.4909,0.5198,0.5348,4258.49,9.5625
1017,8331264,139.625856,0.2467,0.4799,0.5121,3931.25,12.25
1018,8339456,136.989284,0.3224,0.5034,0.5135,4123.50,12.1875
1019,8347648,138.722724,0.0926,0.4821,0.5146,3949.71,13.5625
1020,8355840,140.410452,0.4344,0.5343,0.5246,4377.21,10.625
1021,8364032,138.148227,0.2709,0.4385,0.5133,3591.81,12.4375
1022,8372224,137.955237,0.2024,0.5600,0.5100,4587.29,12.25
1023,8380416,138.750064,0.2872,0.4959,0.5230,4062.44,10.9375
1024,8388608,138.283465,0.3152,0.4749,0.5166,3890.40,13.625
1025,8396800,138.039243,0.2541,0.5923,0.5059,4852.17,9.5
1026,8404992,137.359581,0.3805,0.4540,0.4949,3719.45,14.875
1027,8413184,137.286040,0.1860,0.5541,0.5192,4539.01,9.5625
1028,8421376,138.650841,0.3020,0.4514,0.5052,3697.70,14.875
1029,8429568,139.003753,0.2382,0.5529,0.5142,4529.35,12.25
1030,8437760,136.480152,0.3294,0.5027,0.5221,4118.36,8.3125
1031,8445952,139.394408,0.1809,0.4869,0.5074,3988.56,17.5
1032,8454144,139.708410,0.3057,0.5059,0.5199,4144.16,8.1875
1033,8462336,138.829308,0.1750,0.4815,0.5102,3944.66,17.75
1034,8470528,138.160057,0.3607,0.5027,0.5255,4118.51,9.1875
1035,8478720,139.678813,0.1521,0.4882,0.5033,3999.02,14.3125
1036,8486912,138.014668,0.4240,0.5310,0.5335,4350.14,10.375
1037,8495104,138.708817,0.3742,0.4673,0.4973,3828.38,13.5625
1038,8503296,138.217283,0.3538,0.5562,0.5250,4556.72,10.75
1039,8511488,138.368907,0.4334,0.5074,0.5179,4156.40,8.25
1040,8519680,138.026117,0.4639,0.4818,0.5137,3946.99,12.5
1041,8527872,139.301765,0.5371,0.5289,0.5434,4332.40,6.1875
1042,8536064,139.549981,0.3000,0.5072,0.5182,4155.20,12.9375
1043,8544256,138.317093,0.3590,0.5203,0.5250,4262.27,9.75
1044,8552448,140.233289,0.4270,0.4967,0.5087,4068.75,11.875
1045,8560640,138.331226,0.3930,0.4789,0.5182,3922.95,12.9375
1046,8568832,138.301606,0.6039,0.5294,0.5331,4336.58,7.625
1047,8577024,140.977254,0.3726,0.4686,0.5129,3838.70,12.3125
1048,8585216,139.048404,0.4474,0.5299,0.5244,4340.64,8.1875
1049,8593408,138.000164,0.4284,0.4206,0.5254,3445.51,9.5625
1050,8601600,138.969007,0.4895,0.5066,0.5229,4150.09,8.4375
1051,8609792,139.604380,0.2731,0.4272,0.5163,3499.65,10.5625
1052,8617984,140.065632,0.2411,0.4848,0.5066,3971.10,6.6875
1053,8626176,139.111189,0.4275,0.4358,0.5098,3570.27,11.0
1054,8634368,139.079009,0.3468,0.4651,0.5157,3809.71,10.75
1055,8642560,140.910865,0.4933,0.5061,0.5127,4146.23,9.5
1056,8650752,138.037281,0.5774,0.4852,0.5122,3974.85,12.8125
1057,8658944,138.413405,0.4205,0.5678,0.5339,4651.04,9.0
1058,8667136,139.666248,0.4774,0.4240,0.5118,3473.50,9.4375
1059,8675328,137.294387,0.4541,0.5823,0.5218,4770.54,11.0
1060,8683520,138.005903,0.3009,0.4409,0.5271,3611.54,10.75
1061,8691712,138.329890,0.4276,0.5622,0.5213,4605.42,12.375
1062,8699904,138.814184,0.3455,0.4781,0.5249,3916.84,9.4375
1063,8708096,139.652642,0.2227,0.5612,0.5141,4597.58,12.1875
1064,8716288,139.747546,0.2352,0.4604,0.5170,3771.51,12.125
1065,8724480,138.290017,0.4260,0.5373,0.5132,4401.74,10.875
1066,8732672,140.127836,0.1993,0.4814,0.5054,3943.52,12.1875
1067,8740864,138.456831,0.5015,0.4891,0.5231,4006.78,10.875
1068,8749056,139.808089,0.3012,0.4448,0.5028,3644.16,15.0
1069,8757248,139.129971,0.3602,0.5115,0.5100,4190.39,10.875
1070,8765440,139.206114,0.0860,0.4274,0.5104,3500.94,9.9375
1071,8773632,139.798643,0.4099,0.5093,0.5223,4171.98,9.6875
1072,8781824,139.002403,0.1894,0.4449,0.5000,3644.95,10.3125
1073,8790016,139.491434,0.5642,0.4735,0.5176,3879.26,10.6875
1074,8798208,141.399875,0.6283,0.5216,0.5394,4273.06,9.375
1075,8806400,140.236891,0.2864,0.5120,0.5172,4194.31,10.875
1076,8814592,139.984628,0.3728,0.5594,0.5341,4582.31,9.625
1077,8822784,140.006259,0.2386,0.5166,0.5167,4231.64,9.625
1078,8830976,140.773819,0.5646,0.5563,0.5200,4557.39,12.25
1079,8839168,138.555134,0.3100,0.4746,0.5196,3887.75,8.1875
1080,8847360,140.411671,0.6103,0.5607,0.5246,4593.31,9.5
1081,8855552,140.870758,0.6058,0.5273,0.5345,4319.84,5.4375
1082,8863744,139.656720,0.4719,0.5080,0.5185,4161.24,8.0625
1083,8871936,140.378311,0.3765,0.3943,0.5055,3229.89,9.5
1084,8880128,140.812174,0.2593,0.4243,0.5058,3476.04,7.25
1085,8888320,140.183681,0.2624,0.4237,0.5158,3471.12,10.0
1086,8896512,137.426079,0.4243,0.4759,0.5147,3898.46,9.0
1087,8904704,138.806150,0.3964,0.5381,0.5270,4408.33,9.875
1088,8912896,137.244311,0.3170,0.4701,0.5051,3850.99,9.9375
1089,8921088,139.002484,0.2397,0.5579,0.5271,4570.29,12.25
1090,8929280,139.870235,0.3311,0.4594,0.5241,3763.39,5.375
1091,8937472,138.920192,0.6244,0.4422,0.5225,3622.55,10.9375
1092,8945664,139.011164,0.3354,0.5740,0.5288,4701.98,9.625
1093,8953856,139.787174,0.3173,0.4700,0.5036,3850.14,12.1875
1094,8962048,140.610383,0.3056,0.5134,0.5149,4205.76,12.25
1095,8970240,140.509837,0.2658,0.4427,0.5069,3626.86,8.0625
1096,8978432,139.022895,0.5822,0.4632,0.4944,3794.52,11.0
1097,8986624,139.563133,0.4805,0.5138,0.5369,4208.86,8.25
1098,8994816,139.198167,0.1603,0.4140,0.4886,3391.40,13.625
1099,9003008,140.114797,0.4610,0.5289,0.5128,4332.81,9.5625
1100,9011200,141.072803,0.3394,0.4610,0.5153,3776.59,9.375
1101,9019392,140.965668,0.6133,0.5407,0.5241,4429.40,12.3125
1102,9027584,140.625318,0.4455,0.5249,0.5128,4299.94,5.4375
1103,9035776,139.029674,0.2318,0.5065,0.5193,4149.21,13.5625
1104,9043968,139.810407,0.3921,0.5406,0.5243,4428.36,6.8125
1105,9052160,139.221031,0.1969,0.4800,0.4981,3931.78,16.3125
1106,9060352,139.844194,0.7558,0.5250,0.5268,4300.90,8.25
1107,9068544,140.477399,0.0889,0.3934,0.4909,3222.36,14.875
1108,9076736,138.609718,0.5695,0.5137,0.5373,4208.19,5.4375
1109,9084928,138.946347,0.3595,0.4834,0.5199,3960.35,12.1875
1110,9093120,140.762824,0.4760,0.5199,0.5320,4259.42,2.75
1111,9101312,141.849176,0.4841,0.5036,0.5178,4125.35,11.125
1112,9109504,139.382804,0.5323,0.4977,0.5275,4077.50,6.5625
1113,9117696,138.742731,0.5594,0.4440,0.5434,3637.30,5.375
1114,9125888,137.983297,0.5429,0.5098,0.5334,4176.36,5.4375
1115,9134080,139.915790,0.3153,0.3596,0.4984,2945.48,6.875
1116,9142272,138.861673,0.4779,0.5432,0.5384,4449.74,6.8125
1117,9150464,138.224582,0.2400,0.4719,0.5168,3865.59,10.875
1118,9158656,139.696566,0.2948,0.5199,0.5148,4258.70,13.625
1119,9166848,140.780608,0.3832,0.5375,0.5265,4403.44,5.3125
1120,9175040,139.293596,0.3189,0.4540,0.5117,3718.81,14.9375
1121,9183232,141.084562,0.4274,0.5654,0.5243,4631.59,9.5625
1122,9191424,138.721118,0.1645,0.4584,0.5090,3755.31,12.25
1123,9199616,141.156032,0.3532,0.5701,0.5074,4670.08,10.875
1124,9207808,139.498827,0.3447,0.4466,0.5264,3658.49,10.875
1125,9216000,139.231078,0.4257,0.5743,0.5178,4704.91,9.5
1126,9224192,138.966939,0.2986,0.5269,0.5168,4316.46,10.9375
1127,9232384,140.080198,0.1991,0.4235,0.5032,3468.99,13.6875
1128,9240576,139.538396,0.1999,0.4694,0.5128,3845.61,11.625
1129,9248768,139.955038,0.5549,0.5290,0.5277,4333.39,6.0
1130,9256960,137.871441,0.2242,0.4784,0.5103,3919.09,13.4375
1131,9265152,139.164626,0.4564,0.5694,0.5300,4664.21,1.5
1132,9273344,139.647032,0.2353,0.4575,0.4797,3747.44,20.375
1133,9281536,138.788527,0.5912,0.5270,0.5398,4317.40,5.375
1134,9289728,138.710277,0.4809,0.4783,0.5142,3918.36,10.875
1135,9297920,138.260969,0.2356,0.4770,0.5161,3907.71,8.125
1136,9306112,137.344475,0.2659,0.4725,0.5005,3870.57,17.625
1137,9314304,137.224656,0.2711,0.5033,0.5396,4123.30,4.0
1138,9322496,138.730512,0.5152,0.4249,0.4931,3481.01,14.3125
1139,9330688,139.534352,0.2930,0.5361,0.5214,4391.73,4.75
1140,9338880,138.195057,0.3786,0.4079,0.5050,3341.45,13.75
1141,9347072,137.594384,0.3362,0.5042,0.5183,4130.55,8.6875
1142,9355264,137.364144,0.4670,0.5187,0.5256,4249.20,11.6875
1143,9363456,138.564873,0.3313,0.4802,0.5062,3934.14,12.25
1144,9371648,139.686360,0.3861,0.5033,0.5351,4122.91,8.125
1145,9379840,139.629346,0.2276,0.5403,0.5041,4425.75,12.125
1146,9388032,138.884296,0.2422,0.5081,0.5059,4162.70,10.8125
1147,9396224,139.620283,0.3541,0.5439,0.5166,4455.65,10.8125
1148,9404416,142.452006,0.4124,0.5302,0.5079,4343.33,12.125
1149,9412608,139.277327,0.4305,0.4560,0.5112,3735.64,12.875
1150,9420800,139.209331,0.4774,0.5448,0.5298,4463.17,7.375
1151,9428992,136.982962,0.4280,0.4417,0.5044,3618.05,12.5625
1152,9437184,137.909883,0.3369,0.5354,0.5235,4386.03,10.3125
1153,9445376,139.257299,0.4476,0.4665,0.5150,3821.94,10.875
1154,9453568,139.504184,0.3619,0.4911,0.5193,4022.86,13.6875
1155,9461760,138.622168,0.5154,0.5341,0.5140,4375.59,10.1875
1156,9469952,140.069616,0.2927,0.4945,0.5286,4051.35,11.6875
1157,9478144,140.025697,0.2369,0.4849,0.5053,3972.64,12.3125
1158,9486336,139.308270,0.4181,0.5566,0.5345,4559.44,9.5
1159,9494528,139.880328,0.4297,0.4731,0.5249,3875.88,10.875
1160,9502720,140.141392,0.5446,0.5112,0.5101,4187.56,9.4375
1161,9510912,140.373099,0.3171,0.4917,0.5027,4027.96,12.6875
1162,9519104,138.597578,0.3244,0.5160,0.5278,4227.06,13.125
1163,9527296,137.852099,0.2978,0.4934,0.5258,4042.25,9.4375
1164,9535488,139.040202,0.3524,0.4581,0.5248,3752.71,7.125
1165,9543680,138.515950,0.8169,0.4832,0.5224,3958.25,8.25
1166,9551872,139.527606,0.2217,0.4965,0.5133,4067.49,14.1875
1167,9560064,139.322953,0.1305,0.4956,0.5197,4059.60,11.5625
1168,9568256,139.098098,0.2748,0.4940,0.5069,4046.95,13.375
1169,9576448,140.348830,0.2036,0.4977,0.5141,4077.56,13.5625
1170,9584640,138.347922,0.1897,0.5006,0.5120,4101.10,10.875
1171,9592832,140.225586,0.2877,0.5287,0.5102,4331.25,10.4375
1172,9601024,138.545349,0.1517,0.5281,0.5096,4326.27,12.4375
1173,9609216,138.204015,0.4266,0.4467,0.5186,3659.27,9.75
1174,9617408,139.510147,0.2110,0.4853,0.5122,3975.66,13.6875
1175,9625600,140.325230,0.4698,0.5186,0.5263,4248.40,9.9375
1176,9633792,137.867062,0.3763,0.4590,0.5001,3759.79,11.8125
1177,9641984,138.781020,0.3449,0.5682,0.5258,4654.55,10.8125
1178,9650176,141.175294,0.4728,0.4147,0.5104,3397.15,10.75
1179,9658368,137.403226,0.2615,0.5519,0.5054,4520.92,13.6875
1180,9666560,140.167237,0.1943,0.5096,0.5174,4174.45,8.1875
1181,9674752,139.853566,0.3435,0.4544,0.4974,3722.62,12.1875
1182,9682944,139.846454,0.3888,0.5662,0.5094,4637.91,16.3125
1183,9691136,138.432009,0.1812,0.4597,0.5230,3766.14,6.5625
1184,9699328,138.913207,0.2294,0.4600,0.4946,3768.42,16.3125
1185,9707520,140.602658,0.2896,0.5253,0.5171,4303.40,8.1875
1186,9715712,139.773748,0.5080,0.4558,0.5113,3733.98,13.375
1187,9723904,140.260819,0.5015,0.4269,0.5194,3496.85,4.375
1188,9732096,138.251007,0.4204,0.4983,0.5251,4082.00,10.8125
1189,9740288,140.333422,0.4829,0.4997,0.5182,4093.64,9.5
1190,9748480,139.680784,0.3111,0.4595,0.5185,3764.23,12.0625
1191,9756672,136.973355,0.4949,0.5083,0.5160,4164.15,9.5
1192,9764864,137.943874,0.2024,0.4703,0.5082,3853.07,12.1875
1193,9773056,138.966485,0.5018,0.4976,0.5110,4076.36,10.875
1194,9781248,138.393664,0.4633,0.4802,0.5269,3933.55,8.125
1195,9789440,140.356719,0.5427,0.4959,0.5174,4062.03,12.0
1196,9797632,140.929879,0.3870,0.4984,0.5161,4082.81,10.125
1197,9805824,138.869169,0.5324,0.4795,0.5086,3927.99,14.9375
1198,9814016,139.611665,0.3837,0.5361,0.5056,4392.08,7.8125
1199,9822208,139.215975,0.3419,0.4497,0.4981,3684.10,12.5625
1200,9830400,139.916827,0.2234,0.4263,0.5271,3491.91,12.125
1201,9838592,139.721432,0.4803,0.5191,0.5015,4252.66,10.9375
1202,9846784,138.248517,0.2779,0.5773,0.5095,4729.65,10.3125
1203,9854976,139.041384,0.2864,0.3659,0.4879,2997.07,8.75
1204,9863168,138.314743,0.2258,0.4666,0.5169,3822.76,7.4375
1205,9871360,137.772998,0.2115,0.3186,0.4670,2610.20,8.8125
1206,9879552,139.265705,0.2412,0.3985,0.4994,3264.86,10.8125
1207,9887744,140.525298,0.3840,0.4901,0.5388,4014.77,7.125
1208,9895936,138.668783,0.3041,0.5107,0.5088,4183.75,14.5625
1209,9904128,137.613237,0.2868,0.5170,0.5255,4235.10,9.5625
1210,9912320,140.174450,0.2863,0.4984,0.5128,4082.95,13.75
1211,9920512,141.105538,0.2402,0.4784,0.5098,3919.35,8.1875
1212,9928704,139.372061,0.4178,0.5054,0.5185,4140.10,13.625
1213,9936896,139.151740,0.2578,0.5389,0.5210,4415.02,8.1875
1214,9945088,138.337014,0.2357,0.4750,0.5038,3891.53,15.75
1215,9953280,139.526003,0.5265,0.5787,0.5337,4740.48,6.0625
1216,9961472,139.099643,0.2348,0.4158,0.4831,3406.36,16.3125
1217,9969664,137.458270,0.5954,0.5603,0.5330,4589.95,6.75
1218,9977856,139.457155,0.6317,0.5102,0.5279,4179.92,5.4375
1219,9986048,138.454904,0.4379,0.4444,0.5097,3640.68,12.375
1220,9994240,140.405314,0.5679,0.5272,0.5266,4318.62,12.0625
1221,10002432,140.259629,0.3371,0.5216,0.5136,4272.73,11.5625
1222,10010624,139.121022,0.4617,0.5195,0.5197,4255.73,9.9375
1223,10018816,138.317755,0.1841,0.4803,0.5157,3934.56,15.125
1224,10027008,139.028313,0.3766,0.4773,0.5161,3909.70,8.0625
1225,10035200,140.035376,0.4806,0.4881,0.5430,3998.73,6.6875
1226,10043392,140.315994,0.6051,0.5564,0.5194,4558.42,13.625
1227,10051584,139.509968,0.2368,0.5579,0.5054,4569.94,9.6875
1228,10059776,141.407570,0.3516,0.4898,0.5133,4012.79,11.8125
1229,10067968,140.286774,0.4029,0.5343,0.5258,4376.94,8.4375
1230,10076160,139.566447,0.4744,0.4673,0.5017,3828.11,12.0625
1231,10084352,139.117540,0.6156,0.5455,0.5355,4468.98,5.6875
1232,10092544,142.232589,0.1826,0.4439,0.4913,3636.25,17.5625
1233,10100736,140.395396,0.2602,0.5482,0.5257,4490.64,9.9375
1234,10108928,139.790651,0.2482,0.4708,0.5077,3856.92,10.4375
1235,10117120,140.290954,0.5031,0.5486,0.5037,4493.81,14.0625
1236,10125312,140.642425,0.1076,0.5003,0.5090,4098.25,9.1875
1237,10133504,138.425601,0.5467,0.4704,0.5090,3853.41,13.125
1238,10141696,138.402500,0.4743,0.5496,0.5178,4502.42,7.3125
1239,10149888,139.519266,0.5667,0.5154,0.5162,4222.06,11.125
1240,10158080,140.186636,0.3620,0.5369,0.5333,4398.54,6.625
1241,10166272,137.916573,0.5601,0.5127,0.5171,4199.74,10.75
1242,10174464,140.555767,0.2071,0.5145,0.5113,4214.55,16.375
1243,10182656,142.097626,0.2456,0.4690,0.5187,3842.10,10.9375
1244,10190848,142.342218,0.4144,0.4902,0.5179,4015.71,10.8125
1245,10199040,139.626193,0.3339,0.5393,0.5163,4418.24,10.9375
1246,10207232,139.799802,0.4179,0.5283,0.5131,4328.22,10.1875
1247,10215424,138.842024,0.4071,0.4489,0.5069,3677.30,14.3125
1248,10223616,141.606779,0.3093,0.4977,0.5056,4077.51,11.25
1249,10231808,140.214199,0.4831,0.5267,0.5118,4314.55,10.5
1250,10240000,140.466420,0.6880,0.4838,0.5274,3962.91,9.5
1251,10248192,140.103070,0.5345,0.5206,0.5215,4264.39,9.375
1252,10256384,140.314349,0.2969,0.4828,0.5292,3955.09,11.6875
1253,10264576,140.015885,0.5811,0.5866,0.5253,4805.11,7.375
1254,10272768,140.163540,0.4587,0.4475,0.5040,3665.68,13.5625
1255,10280960,140.430899,0.2671,0.5078,0.5021,4159.91,8.1875
1256,10289152,139.224182,0.3389,0.4539,0.5151,3718.73,11.625
1257,10297344,138.852498,0.4239,0.4646,0.5191,3805.94,8.875
1258,10305536,137.869406,0.2293,0.5335,0.5258,4370.41,11.125
1259,10313728,139.233155,0.7246,0.4301,0.5263,3523.79,10.0625
1260,10321920,139.593152,0.2923,0.5328,0.5205,4365.06,8.5625
1261,10330112,137.366470,0.3597,0.4995,0.5147,4091.80,9.4375
1262,10338304,140.609835,0.5158,0.5274,0.5119,4320.33,11.3125
1263,10346496,139.748855,0.6351,0.4816,0.5323,3945.29,7.875
1264,10354688,137.465384,0.5181,0.5781,0.5082,4735.50,11.375
1265,10362880,139.483589,0.4183,0.4613,0.5220,3778.79,11.875
1266,10371072,139.303113,0.3643,0.5141,0.5091,4211.54,10.75
1267,10379264,136.738233,0.3563,0.4552,0.5149,3728.85,10.875
1268,10387456,139.743640,0.3576,0.5716,0.5008,4682.60,10.75
1269,10395648,138.864473,0.5768,0.4411,0.5255,3613.72,8.1875
1270,10403840,139.078020,0.4573,0.4930,0.5096,4038.69,10.875
1271,10412032,139.231079,0.6848,0.4548,0.5269,3725.48,8.0625
1272,10420224,140.121787,0.5920,0.5348,0.5389,4380.84,8.0625
1273,10428416,139.300189,0.3766,0.4965,0.5092,4067.38,9.5
1274,10436608,138.444381,0.4186,0.4724,0.5264,3869.80,6.6875
1275,10444800,139.584985,0.4279,0.5638,0.5229,4618.59,14.875
1276,10452992,140.322826,0.2864,0.5273,0.5120,4319.28,6.5625
1277,10461184,138.999820,0.5530,0.4491,0.5118,3678.79,12.5625
1278,10469376,138.865608,0.5187,0.5524,0.5283,4525.09,6.8125
1279,10477568,138.056863,0.5242,0.4927,0.5107,4036.48,12.1875
1280,10485760,138.435823,0.6195,0.5267,0.5240,4314.72,9.5625
1281,10493952,138.910418,0.3319,0.4857,0.5163,3978.71,12.3125
1282,10502144,140.889448,0.3557,0.4896,0.5124,4010.70,9.5
1283,10510336,138.831445,0.5699,0.5509,0.5374,4512.85,8.1875
1284,10518528,139.731729,0.2889,0.4831,0.4972,3957.90,13.5
1285,10526720,139.451058,0.5517,0.5571,0.5242,4564.15,9.25
1286,10534912,140.434259,0.2611,0.4579,0.5156,3751.04,6.875
1287,10543104,140.043502,0.4340,0.4860,0.5006,3981.17,12.375
1288,10551296,139.081820,0.3452,0.4380,0.5299,3588.29,6.8125
1289,10559488,140.562752,0.3911,0.4719,0.5073,3865.50,11.0625
1290,10567680,139.692822,0.2564,0.4957,0.5101,4060.51,9.5
1291,10575872,139.936849,0.4622,0.5267,0.5211,4314.90,10.25
1292,10584064,138.892936,0.5418,0.5514,0.5220,4516.88,10.5625
1293,10592256,140.211825,0.5275,0.4699,0.5003,3849.75,12.0
1294,10600448,138.980052,0.3857,0.5273,0.5182,4319.82,8.1875
1295,10608640,138.396788,0.2507,0.4848,0.5131,3971.14,9.5625
1296,10616832,139.225172,0.7767,0.5701,0.5422,4670.08,10.1875
1297,10625024,140.467973,0.3021,0.5304,0.5201,4344.88,6.25
1298,10633216,138.696095,0.5177,0.4768,0.5326,3905.64,5.375
1299,10641408,139.805939,0.3315,0.4278,0.4959,3504.20,8.3125
1300,10649600,139.554368,0.3939,0.4044,0.5142,3312.91,7.9375
1301,10657792,138.688344,0.6013,0.4741,0.5138,3883.84,8.125
1302,10665984,140.026754,0.5398,0.4851,0.5165,3973.92,10.75
1303,10674176,139.507895,0.5783,0.5383,0.5235,4409.76,9.375
1304,10682368,139.049655,0.4766,0.4272,0.5076,3499.56,8.0625
1305,10690560,137.771870,0.3323,0.4344,0.5103,3558.86,9.75
1306,10698752,141.077237,0.2053,0.4915,0.5172,4026.60,10.6875
1307,10706944,139.412568,0.5307,0.5128,0.5163,4200.71,9.4375
1308,10715136,138.735837,0.4259,0.5171,0.5082,4235.90,13.8125
1309,10723328,138.482080,0.3420,0.5353,0.5163,4385.35,5.25
1310,10731520,139.318914,0.2424,0.4242,0.4991,3475.45,14.9375
1311,10739712,139.718423,0.4961,0.5802,0.5027,4753.30,11.625
1312,10747904,138.969382,0.4021,0.4591,0.5192,3760.82,7.125
1313,10756096,137.684108,0.4697,0.5229,0.5100,4283.27,12.4375
1314,10764288,139.088071,0.2981,0.5262,0.5116,4310.53,10.5625
1315,10772480,139.418547,0.2710,0.4522,0.5146,3704.41,12.1875
1316,10780672,137.820374,0.2420,0.5157,0.5096,4224.49,11.625
1317,10788864,137.929271,0.3798,0.4592,0.5083,3761.45,7.5
1318,10797056,138.888281,0.3296,0.4747,0.5198,3888.54,12.25
1319,10805248,139.917633,0.2157,0.5019,0.5082,4111.35,13.5
1320,10813440,140.313127,0.4997,0.5097,0.5329,4175.81,6.6875
1321,10821632,140.129060,0.3162,0.5560,0.5081,4554.75,14.875
1322,10829824,139.128680,0.2500,0.5218,0.5315,4274.45,5.5
1323,10838016,140.793925,0.5042,0.5553,0.5146,4548.88,12.0
1324,10846208,141.152924,0.1515,0.4740,0.5116,3882.65,10.8125
1325,10854400,141.731846,0.3534,0.5789,0.5092,4742.27,10.0625
1326,10862592,140.174845,0.3383,0.4013,0.5027,3287.19,11.625
1327,10870784,138.649560,0.3847,0.5690,0.5148,4660.91,10.75
1328,10878976,140.299366,0.1529,0.5500,0.5201,4505.26,8.1875
1329,10887168,138.981679,0.4394,0.4701,0.4985,3851.40,17.1875
1330,10895360,139.279670,0.2506,0.5010,0.5298,4103.91,8.875
1331,10903552,140.055525,0.2729,0.4762,0.5018,3900.79,13.5
1332,10911744,139.560253,0.2763,0.4866,0.5287,3986.26,6.8125
1333,10919936,139.662851,0.3949,0.5242,0.5135,4294.43,10.8125
1334,10928128,138.625919,0.0987,0.4699,0.5126,3849.26,10.75
1335,10936320,139.131563,0.3717,0.5270,0.5313,4317.24,8.1875
1336,10944512,140.016067,0.2871,0.4898,0.5035,4012.32,13.5625
1337,10952704,138.058463,0.2305,0.5324,0.5159,4361.35,10.0
1338,10960896,139.506748,0.3514,0.3995,0.5004,3273.02,10.375
